{"images":[{"filename":"[07]_[Side]_[Screen01]_[Ama01] 029.jpg","width":1080,"height":1920}],"annotations":[{"attributes":[],"class":"keypoint_club","points":[590,1166,1,863,1485,2,821,1503,2]},{"box":[411,888,293,653],"attributes":[],"class":"0"},{"box":[604,888,100,115],"attributes":[],"class":"1"},{"box":[595,1181,39,48],"attributes":[],"class":"2"},{"box":[618,1168,11,13],"attributes":[],"class":"2"},{"box":[822,1472,47,38],"attributes":[],"class":"6"},{"box":[473,1486,137,55],"attributes":[],"class":"3"},{"box":[545,1457,50,29],"attributes":[],"class":"3"},{"box":[810,1485,17,19],"attributes":[],"class":"5"},{"attributes":[],"class":"0","points":[660,987,2,664,971,2,666,976,1]}]}