{"images":[{"filename":"[07]_[Side]_[Screen01]_[Ama01] 049.jpg","width":1080,"height":1920}],"annotations":[{"attributes":[],"class":"keypoint_club","points":[586,1098,1,519,820,2,0,0,0]},{"box":[807,1484,21,20],"attributes":[],"class":"5"},{"box":[523,1444,72,44],"attributes":[],"class":"3"},{"box":[475,1492,137,50],"attributes":[],"class":"3"},{"box":[415,895,295,650],"attributes":[],"class":"0"},{"box":[550,1049,48,58],"attributes":[],"class":"2"},{"box":[603,898,105,111],"attributes":[],"class":"1"},{"box":[509,813,39,57],"attributes":[],"class":"6"},{"attributes":[],"class":"0","points":[665,993,2,664,978,2,666,977,1]}]}