{"images":[{"filename":"[07]_[Side]_[Screen01]_[Ama01] 165.jpg","width":1080,"height":1920}],"annotations":[{"box":[456,861,263,686],"attributes":[],"class":"0"},{"box":[437,609,25,44],"attributes":[],"class":"6"},{"box":[624,866,86,90],"attributes":[],"class":"1"},{"box":[495,880,23,35],"attributes":[],"class":"2"},{"box":[510,874,19,32],"attributes":[],"class":"2"},{"box":[628,1260,6,7],"attributes":[],"class":"5"},{"box":[488,1463,128,80],"attributes":[],"class":"3"},{"box":[480,1440,120,45],"attributes":[],"class":"3"},{"attributes":[],"class":"0","points":[653,944,1,662,941,1,651,925,1]}]}