{"images":[{"filename":"[07]_[Side]_[Screen01]_[Ama01] 045.jpg","width":1080,"height":1920}],"annotations":[{"attributes":[],"class":"keypoint_club","points":[593,1122,1,638,1041,2,609,1022,2]},{"box":[415,890,289,650],"attributes":[],"class":"0"},{"box":[604,990,39,54],"attributes":[],"class":"6"},{"box":[810,1484,16,15],"attributes":[],"class":"5"},{"box":[473,1483,137,57],"attributes":[],"class":"3"},{"box":[537,1455,60,34],"attributes":[],"class":"3"},{"box":[562,1084,36,48],"attributes":[],"class":"2"},{"box":[588,1092,24,44],"attributes":[],"class":"2"},{"attributes":[],"class":"0","points":[659,990,2,662,969,2,662,968,1]}]}