{"images":[{"filename":"[07]_[Side]_[Screen01]_[Ama01] 221.jpg","width":1080,"height":1920}],"annotations":[{"attributes":[],"class":"keypoint_club","points":[476,875,1,815,955,2,808,917,2]},{"box":[446,840,205,702],"attributes":[],"class":"0"},{"box":[515,865,29,38],"attributes":[],"class":"2"},{"box":[484,866,32,32],"attributes":[],"class":"2"},{"box":[798,913,23,41],"attributes":[],"class":"6"},{"box":[481,1445,40,50],"attributes":[],"class":"3"},{"box":[523,1467,93,76],"attributes":[],"class":"3"},{"box":[565,841,64,77],"attributes":[],"class":"1"},{"attributes":[],"class":"0","points":[634,911,1,651,906,1,632,896,1]}]}