{"images":[{"filename":"[07]_[Side]_[Screen01]_[Ama01] 037.jpg","width":1080,"height":1920}],"annotations":[{"attributes":[],"class":"keypoint_club","points":[592,1148,1,796,1346,2,754,1369,2]},{"box":[743,1325,63,59],"attributes":[],"class":"6"},{"box":[810,1484,17,20],"attributes":[],"class":"5"},{"box":[585,1140,41,55],"attributes":[],"class":"2"},{"box":[601,898,102,106],"attributes":[],"class":"1"},{"box":[533,1447,63,41],"attributes":[],"class":"3"},{"box":[474,1477,137,63],"attributes":[],"class":"3"},{"box":[412,897,294,644],"attributes":[],"class":"0"},{"attributes":[],"class":"0","points":[661,993,2,664,978,2,666,977,1]}]}