{"images":[{"filename":"[07]_[Side]_[Screen01]_[Ama01] 189.jpg","width":1080,"height":1920}],"annotations":[{"attributes":[],"class":"keypoint_club","points":[517,872,1,763,1024,2,771,1009,2]},{"box":[448,825,214,728],"attributes":[],"class":"0"},{"box":[578,828,80,86],"attributes":[],"class":"1"},{"box":[755,1000,22,43],"attributes":[],"class":"6"},{"box":[487,856,37,40],"attributes":[],"class":"2"},{"box":[514,853,36,47],"attributes":[],"class":"2"},{"box":[481,1443,70,51],"attributes":[],"class":"3"},{"box":[516,1446,101,103],"attributes":[],"class":"3"},{"attributes":[],"class":"0","points":[638,914,1,651,910,1,638,900,1]}]}