{"images":[{"filename":"[07]_[Side]_[Screen01]_[Ama01] 013.jpg","width":1080,"height":1920}],"annotations":[{"attributes":[],"class":"keypoint_club","points":[582,1177,2,850,1498,2,812,1505,2]},{"box":[414,890,295,651],"attributes":[],"class":"0"},{"box":[603,885,105,118],"attributes":[],"class":"1"},{"box":[809,1487,44,33],"attributes":[],"class":"6"},{"box":[806,1485,20,17],"attributes":[],"class":"5"},{"box":[475,1477,138,60],"attributes":[],"class":"3"},{"box":[539,1448,59,38],"attributes":[],"class":"3"},{"box":[595,1196,36,45],"attributes":[],"class":"2"},{"box":[584,1199,18,25],"attributes":[],"class":"2"},{"attributes":[],"class":"0","points":[660,987,2,664,971,2,666,976,1]}]}