{"images":[{"filename":"[07]_[Side]_[Screen01]_[Ama01] 141.jpg","width":1080,"height":1920}],"annotations":[{"box":[436,880,281,665],"attributes":[],"class":"0"},{"box":[604,879,111,114],"attributes":[],"class":"1"},{"box":[606,1181,42,45],"attributes":[],"class":"2"},{"box":[474,1489,134,55],"attributes":[],"class":"3"},{"box":[541,1455,56,34],"attributes":[],"class":"3"},{"box":[806,1484,20,20],"attributes":[],"class":"5"},{"box":[798,1498,41,21],"attributes":[],"class":"6"},{"box":[628,1161,17,51],"attributes":[],"class":"2"},{"attributes":[],"class":"0","points":[666,981,2,671,965,2,673,965,1]}]}