{"images":[{"filename":"[07]_[Side]_[Screen01]_[Ama01] 005.jpg","width":1080,"height":1920}],"annotations":[{"attributes":[],"class":"keypoint_club","points":[579,1178,2,842,1493,2,803,1501,2]},{"box":[412,882,293,659],"attributes":[],"class":"0"},{"box":[810,1484,16,15],"attributes":[],"class":"5"},{"box":[805,1483,38,27],"attributes":[],"class":"6"},{"box":[470,1486,140,54],"attributes":[],"class":"3"},{"box":[531,1451,65,38],"attributes":[],"class":"3"},{"box":[580,1186,14,24],"attributes":[],"class":"2"},{"box":[589,1196,44,51],"attributes":[],"class":"2"},{"box":[606,883,99,116],"attributes":[],"class":"1"},{"attributes":[],"class":"0","points":[659,990,2,662,969,2,662,968,1]}]}