{"images":[{"filename":"[07]_[Side]_[Screen01]_[Ama01] 081.jpg","width":1080,"height":1920}],"annotations":[{"attributes":[],"class":"keypoint_club","points":[527,891,2,583,839,1,556,843,1]},{"box":[419,862,291,679],"attributes":[],"class":"0"},{"box":[600,884,111,105],"attributes":[],"class":"1"},{"box":[508,863,27,20],"attributes":[],"class":"2"},{"box":[521,867,29,37],"attributes":[],"class":"2"},{"box":[472,1483,140,57],"attributes":[],"class":"3"},{"box":[534,1454,63,37],"attributes":[],"class":"3"},{"box":[808,1484,19,19],"attributes":[],"class":"5"},{"attributes":[],"class":"0","points":[664,979,2,666,962,2,673,970,1]}]}