{"images":[{"filename":"[07]_[Side]_[Screen01]_[Ama01] 117.jpg","width":1080,"height":1920}],"annotations":[{"attributes":[],"class":"keypoint_club","points":[0,0,0,643,1032,1,643,999,1]},{"box":[423,886,290,654],"attributes":[],"class":"0"},{"box":[809,1480,17,24],"attributes":[],"class":"5"},{"box":[533,1453,64,36],"attributes":[],"class":"3"},{"box":[470,1490,138,50],"attributes":[],"class":"3"},{"box":[594,886,118,106],"attributes":[],"class":"1"},{"box":[508,870,26,25],"attributes":[],"class":"2"},{"box":[525,876,30,37],"attributes":[],"class":"2"},{"attributes":[],"class":"0","points":[669,980,2,671,965,2,672,969,1]}]}