{"images":[{"filename":"[07]_[Side]_[Screen01]_[Ama01] 137.jpg","width":1080,"height":1920}],"annotations":[{"attributes":[],"class":"keypoint_club","points":[634,1145,1,764,1343,2,721,1323,2]},{"box":[435,893,278,649],"attributes":[],"class":"0"},{"box":[610,890,104,107],"attributes":[],"class":"1"},{"box":[633,1135,26,38],"attributes":[],"class":"2"},{"box":[614,1147,37,36],"attributes":[],"class":"2"},{"box":[542,1456,54,34],"attributes":[],"class":"3"},{"box":[469,1477,139,64],"attributes":[],"class":"3"},{"box":[809,1484,19,22],"attributes":[],"class":"5"},{"box":[711,1275,62,90],"attributes":[],"class":"6"},{"attributes":[],"class":"0","points":[668,983,2,671,970,2,677,969,1]}]}