{"images":[{"filename":"[07]_[Side]_[Screen01]_[Ama01] 225.jpg","width":1080,"height":1920}],"annotations":[{"attributes":[],"class":"keypoint_club","points":[461,881,1,809,933,2,803,899,2]},{"box":[443,829,211,719],"attributes":[],"class":"0"},{"box":[479,864,38,31],"attributes":[],"class":"2"},{"box":[512,864,30,40],"attributes":[],"class":"2"},{"box":[796,896,21,38],"attributes":[],"class":"6"},{"box":[631,1259,5,7],"attributes":[],"class":"5"},{"box":[522,1439,91,104],"attributes":[],"class":"3"},{"box":[480,1438,57,48],"attributes":[],"class":"3"},{"box":[589,830,65,93],"attributes":[],"class":"1"},{"attributes":[],"class":"0","points":[634,911,1,651,906,1,632,896,1]}]}