{"images":[{"filename":"[07]_[Side]_[Screen01]_[Ama01] 197.jpg","width":1080,"height":1920}],"annotations":[{"attributes":[],"class":"keypoint_club","points":[516,871,1,783,1053,2,791,1036,2]},{"box":[447,832,200,713],"attributes":[],"class":"0"},{"box":[559,832,88,84],"attributes":[],"class":"1"},{"box":[487,862,40,35],"attributes":[],"class":"2"},{"box":[521,866,34,41],"attributes":[],"class":"2"},{"box":[777,1028,20,38],"attributes":[],"class":"6"},{"box":[481,1462,50,27],"attributes":[],"class":"3"},{"box":[518,1448,97,97],"attributes":[],"class":"3"},{"attributes":[],"class":"0","points":[638,914,1,651,910,1,638,900,1]}]}