{"images":[{"filename":"[07]_[Side]_[Screen01]_[Ama01] 129.jpg","width":1080,"height":1920}],"annotations":[{"attributes":[],"class":"keypoint_club","points":[0,0,0,0,0,0,0,0,0]},{"box":[429,896,286,651],"attributes":[],"class":"0"},{"box":[807,1484,20,21],"attributes":[],"class":"5"},{"box":[475,1487,135,57],"attributes":[],"class":"3"},{"box":[523,1455,78,32],"attributes":[],"class":"3"},{"box":[554,984,33,38],"attributes":[],"class":"2"},{"box":[610,895,102,107],"attributes":[],"class":"1"},{"attributes":[],"class":"0","points":[669,980,2,671,965,2,672,969,1]}]}