{"images":[{"filename":"[07]_[Side]_[Screen01]_[Ama01] 185.jpg","width":1080,"height":1920}],"annotations":[{"attributes":[],"class":"keypoint_club","points":[502,861,1,746,971,2,734,936,2]},{"box":[564,838,98,86],"attributes":[],"class":"1"},{"box":[504,853,41,42],"attributes":[],"class":"2"},{"box":[731,927,21,62],"attributes":[],"class":"6"},{"box":[478,1427,59,55],"attributes":[],"class":"3"},{"box":[519,1451,95,94],"attributes":[],"class":"3"},{"box":[629,1259,7,6],"attributes":[],"class":"5"},{"box":[452,839,213,707],"attributes":[],"class":"0"},{"attributes":[],"class":"0","points":[638,914,1,651,910,1,638,900,1]}]}