{"images":[{"filename":"[07]_[Side]_[Screen01]_[Ama01] 093.jpg","width":1080,"height":1920}],"annotations":[{"attributes":[],"class":"keypoint_club","points":[0,0,0,637,986,1,628,952,1]},{"box":[418,854,292,688],"attributes":[],"class":"0"},{"box":[601,872,108,115],"attributes":[],"class":"1"},{"box":[517,854,32,33],"attributes":[],"class":"2"},{"box":[470,1485,142,56],"attributes":[],"class":"3"},{"box":[534,1455,62,32],"attributes":[],"class":"3"},{"box":[807,1483,20,21],"attributes":[],"class":"5"},{"attributes":[],"class":"0","points":[665,971,2,665,957,2,671,965,1]}]}