{"images":[{"filename":"[07]_[Side]_[Screen01]_[Ama01] 145.jpg","width":1080,"height":1920}],"annotations":[{"box":[706,1363,53,20],"attributes":[],"class":"6"},{"box":[532,1448,62,36],"attributes":[],"class":"3"},{"box":[477,1490,135,50],"attributes":[],"class":"3"},{"box":[604,1172,34,22],"attributes":[],"class":"2"},{"box":[621,878,93,110],"attributes":[],"class":"1"},{"box":[438,875,281,670],"attributes":[],"class":"0"},{"attributes":[],"class":"0","points":[672,975,2,670,963,2,677,965,1]}]}