{"images":[{"filename":"[07]_[Side]_[Screen01]_[Ama01] 061.jpg","width":1080,"height":1920}],"annotations":[{"attributes":[],"class":"keypoint_club","points":[554,1013,1,410,606,2,409,645,2]},{"box":[416,892,298,650],"attributes":[],"class":"0"},{"box":[396,612,18,21],"attributes":[],"class":"6"},{"box":[514,934,34,48],"attributes":[],"class":"2"},{"box":[539,959,36,50],"attributes":[],"class":"2"},{"box":[810,1484,16,15],"attributes":[],"class":"5"},{"box":[477,1482,132,59],"attributes":[],"class":"3"},{"box":[529,1449,67,40],"attributes":[],"class":"3"},{"attributes":[],"class":"0","points":[665,993,2,667,978,2,666,977,1]}]}