{"images":[{"filename":"[07]_[Side]_[Screen01]_[Ama01] 041.jpg","width":1080,"height":1920}],"annotations":[{"attributes":[],"class":"keypoint_club","points":[594,1128,1,727,1210,2,691,1242,2]},{"box":[412,893,296,654],"attributes":[],"class":"0"},{"box":[575,1114,34,49],"attributes":[],"class":"2"},{"box":[602,1123,17,32],"attributes":[],"class":"2"},{"box":[676,1183,54,67],"attributes":[],"class":"6"},{"box":[478,1479,133,61],"attributes":[],"class":"3"},{"box":[538,1456,59,30],"attributes":[],"class":"3"},{"box":[808,1483,18,21],"attributes":[],"class":"5"},{"box":[607,904,94,99],"attributes":[],"class":"1"},{"attributes":[],"class":"0","points":[661,993,2,664,978,2,666,977,1]}]}