{"images":[{"filename":"[07]_[Side]_[Screen01]_[Ama01] 113.jpg","width":1080,"height":1920}],"annotations":[{"attributes":[],"class":"keypoint_club","points":[0,0,0,643,1032,1,643,999,1]},{"box":[424,862,292,682],"attributes":[],"class":"0"},{"box":[807,1484,19,19],"attributes":[],"class":"5"},{"box":[470,1483,139,60],"attributes":[],"class":"3"},{"box":[523,1446,75,43],"attributes":[],"class":"3"},{"box":[614,890,100,99],"attributes":[],"class":"1"},{"box":[521,864,27,39],"attributes":[],"class":"2"},{"box":[510,866,17,24],"attributes":[],"class":"2"},{"attributes":[],"class":"0","points":[671,974,2,669,959,2,676,967,1]}]}