{"images":[{"filename":"[07]_[Side]_[Screen01]_[Ama01] 025.jpg","width":1080,"height":1920}],"annotations":[{"attributes":[],"class":"keypoint_club","points":[603,1191,1,868,1503,2,827,1516,2]},{"box":[408,882,302,663],"attributes":[],"class":"0"},{"box":[596,887,110,117],"attributes":[],"class":"1"},{"box":[806,1481,23,27],"attributes":[],"class":"5"},{"box":[827,1493,46,36],"attributes":[],"class":"6"},{"box":[595,1180,42,62],"attributes":[],"class":"2"},{"box":[533,1454,67,35],"attributes":[],"class":"3"},{"box":[475,1485,138,57],"attributes":[],"class":"3"},{"attributes":[],"class":"0","points":[660,987,2,664,971,2,666,976,1]}]}