{"images":[{"filename":"[07]_[Side]_[Screen01]_[Ama01] 101.jpg","width":1080,"height":1920}],"annotations":[{"attributes":[],"class":"keypoint_club","points":[0,0,0,637,1029,1,636,996,1]},{"box":[422,842,294,706],"attributes":[],"class":"0"},{"box":[470,1486,143,60],"attributes":[],"class":"3"},{"box":[526,1448,76,42],"attributes":[],"class":"3"},{"box":[516,851,40,43],"attributes":[],"class":"2"},{"box":[597,871,117,115],"attributes":[],"class":"1"},{"box":[808,1484,19,20],"attributes":[],"class":"5"},{"attributes":[],"class":"0","points":[665,971,2,665,957,2,671,965,1]}]}