{"images":[{"filename":"[07]_[Side]_[Screen01]_[Ama01] 205.jpg","width":1080,"height":1920}],"annotations":[{"attributes":[],"class":"keypoint_club","points":[501,873,1,799,1028,2,805,1012,2]},{"box":[794,995,20,46],"attributes":[],"class":"6"},{"box":[489,864,33,27],"attributes":[],"class":"2"},{"box":[523,863,32,42],"attributes":[],"class":"2"},{"box":[564,829,96,92],"attributes":[],"class":"1"},{"box":[477,1457,55,28],"attributes":[],"class":"3"},{"box":[520,1454,94,93],"attributes":[],"class":"3"},{"box":[448,832,214,718],"attributes":[],"class":"0"},{"attributes":[],"class":"0","points":[638,914,1,651,910,1,638,900,1]}]}