{"images":[{"filename":"[07]_[Side]_[Screen01]_[Ama01] 169.jpg","width":1080,"height":1920}],"annotations":[{"box":[457,848,246,695],"attributes":[],"class":"0"},{"box":[469,582,32,21],"attributes":[],"class":"6"},{"box":[492,852,41,37],"attributes":[],"class":"2"},{"box":[490,875,34,36],"attributes":[],"class":"2"},{"box":[499,1455,116,88],"attributes":[],"class":"3"},{"box":[480,1441,117,48],"attributes":[],"class":"3"},{"box":[608,847,95,106],"attributes":[],"class":"1"},{"attributes":[],"class":"0","points":[675,928,1,665,909,1,685,924,1]}]}