{"images":[{"filename":"[07]_[Side]_[Screen01]_[Ama01] 173.jpg","width":1080,"height":1920}],"annotations":[{"box":[454,840,228,706],"attributes":[],"class":"0"},{"box":[596,839,87,95],"attributes":[],"class":"1"},{"box":[489,848,27,32],"attributes":[],"class":"2"},{"box":[507,849,28,31],"attributes":[],"class":"2"},{"box":[539,624,34,31],"attributes":[],"class":"6"},{"box":[481,1456,116,37],"attributes":[],"class":"3"},{"box":[506,1454,110,92],"attributes":[],"class":"3"},{"attributes":[],"class":"0","points":[632,919,1,646,919,1,636,902,1]}]}