{"images":[{"filename":"[07]_[Side]_[Screen01]_[Ama01] 201.jpg","width":1080,"height":1920}],"annotations":[{"attributes":[],"class":"keypoint_club","points":[508,865,1,789,1046,2,0,0,0]},{"box":[448,857,250,695],"attributes":[],"class":"0"},{"box":[595,852,94,94],"attributes":[],"class":"1"},{"box":[786,1016,19,39],"attributes":[],"class":"6"},{"box":[523,866,29,39],"attributes":[],"class":"2"},{"box":[491,863,29,34],"attributes":[],"class":"2"},{"box":[521,1450,91,96],"attributes":[],"class":"3"},{"box":[478,1421,44,71],"attributes":[],"class":"3"},{"attributes":[],"class":"0","points":[638,914,1,651,910,1,638,900,1]}]}