{"images":[{"filename":"[07]_[Side]_[Screen01]_[Ama01] 193.jpg","width":1080,"height":1920}],"annotations":[{"attributes":[],"class":"keypoint_club","points":[516,871,1,774,1049,2,781,1034,2]},{"box":[453,842,198,706],"attributes":[],"class":"0"},{"box":[518,863,34,41],"attributes":[],"class":"2"},{"box":[492,860,26,32],"attributes":[],"class":"2"},{"box":[575,842,78,83],"attributes":[],"class":"1"},{"box":[767,1023,21,40],"attributes":[],"class":"6"},{"box":[479,1435,42,68],"attributes":[],"class":"3"},{"box":[516,1472,98,72],"attributes":[],"class":"3"},{"attributes":[],"class":"0","points":[638,914,1,651,910,1,638,900,1]}]}