{"images":[{"filename":"[07]_[Side]_[Screen01]_[Ama01] 097.jpg","width":1080,"height":1920}],"annotations":[{"attributes":[],"class":"keypoint_club","points":[0,0,0,639,998,1,637,970,1]},{"box":[420,851,292,690],"attributes":[],"class":"0"},{"box":[516,852,33,33],"attributes":[],"class":"2"},{"box":[810,1484,16,15],"attributes":[],"class":"5"},{"box":[472,1482,136,58],"attributes":[],"class":"3"},{"box":[527,1454,67,36],"attributes":[],"class":"3"},{"box":[609,870,102,118],"attributes":[],"class":"1"},{"attributes":[],"class":"0","points":[665,971,2,665,957,2,671,965,1]}]}