{"images":[{"filename":"[07]_[Side]_[Screen01]_[Ama01] 217.jpg","width":1080,"height":1920}],"annotations":[{"attributes":[],"class":"keypoint_club","points":[477,870,1,811,969,2,816,942,2]},{"box":[512,866,36,39],"attributes":[],"class":"2"},{"box":[562,828,90,92],"attributes":[],"class":"1"},{"box":[804,934,22,41],"attributes":[],"class":"6"},{"box":[484,1435,120,48],"attributes":[],"class":"3"},{"box":[525,1446,90,101],"attributes":[],"class":"3"},{"box":[447,823,200,727],"attributes":[],"class":"0"},{"attributes":[],"class":"0","points":[634,911,1,651,906,1,632,896,1]}]}