{"images":[{"filename":"[07]_[Side]_[Screen01]_[Ama01] 009.jpg","width":1080,"height":1920}],"annotations":[{"attributes":[],"class":"keypoint_club","points":[580,1178,2,844,1493,2,807,1503,2]},{"box":[413,890,293,651],"attributes":[],"class":"0"},{"box":[605,890,100,111],"attributes":[],"class":"1"},{"box":[809,1484,16,16],"attributes":[],"class":"5"},{"box":[808,1484,38,28],"attributes":[],"class":"6"},{"box":[592,1201,43,48],"attributes":[],"class":"2"},{"box":[580,1187,14,25],"attributes":[],"class":"2"},{"box":[546,1457,51,33],"attributes":[],"class":"3"},{"box":[471,1491,144,50],"attributes":[],"class":"3"},{"attributes":[],"class":"0","points":[660,987,2,664,971,2,666,976,1]}]}