{"images":[{"filename":"[07]_[Side]_[Screen01]_[Ama01] 073.jpg","width":1080,"height":1920}],"annotations":[{"attributes":[],"class":"keypoint_club","points":[0,0,0,0,0,0,0,0,0]},{"box":[807,1484,21,20],"attributes":[],"class":"5"},{"box":[523,1444,72,44],"attributes":[],"class":"3"},{"box":[475,1492,137,50],"attributes":[],"class":"3"},{"box":[415,895,295,650],"attributes":[],"class":"0"},{"box":[499,874,48,58],"attributes":[],"class":"2"},{"box":[613,896,93,101],"attributes":[],"class":"1"},{"box":[450,731,52,31],"attributes":[],"class":"6"},{"attributes":[],"class":"0","points":[667,984,2,670,967,2,673,970,1]}]}