{"images":[{"filename":"[07]_[Side]_[Screen01]_[Ama01] 181.jpg","width":1080,"height":1920}],"annotations":[{"attributes":[],"class":"keypoint_club","points":[488,875,1,705,878,2,693,845,2]},{"box":[454,834,246,712],"attributes":[],"class":"0"},{"box":[587,834,112,118],"attributes":[],"class":"1"},{"box":[683,840,37,60],"attributes":[],"class":"6"},{"box":[502,849,42,39],"attributes":[],"class":"2"},{"box":[487,858,28,33],"attributes":[],"class":"2"},{"box":[480,1439,48,49],"attributes":[],"class":"3"},{"box":[517,1449,96,98],"attributes":[],"class":"3"},{"attributes":[],"class":"0","points":[638,914,1,651,910,1,638,900,1]}]}