{"images":[{"filename":"[07]_[Side]_[Screen01]_[Ama01] 121.jpg","width":1080,"height":1920}],"annotations":[{"attributes":[],"class":"keypoint_club","points":[0,0,0,0,0,0,0,0,0]},{"box":[427,886,296,661],"attributes":[],"class":"0"},{"box":[611,889,103,104],"attributes":[],"class":"1"},{"box":[510,890,30,32],"attributes":[],"class":"2"},{"box":[526,896,42,49],"attributes":[],"class":"2"},{"box":[474,1472,136,69],"attributes":[],"class":"3"},{"box":[530,1443,66,45],"attributes":[],"class":"3"},{"box":[808,1483,17,19],"attributes":[],"class":"5"},{"attributes":[],"class":"0","points":[672,974,2,675,962,2,677,958,1]}]}