{"images":[{"filename":"[07]_[Side]_[Screen01]_[Ama01] 089.jpg","width":1080,"height":1920}],"annotations":[{"attributes":[],"class":"keypoint_club","points":[0,0,0,635,952,1,627,930,1]},{"box":[419,853,299,687],"attributes":[],"class":"0"},{"box":[609,879,96,106],"attributes":[],"class":"1"},{"box":[524,856,24,30],"attributes":[],"class":"2"},{"box":[510,856,15,28],"attributes":[],"class":"2"},{"box":[473,1482,134,57],"attributes":[],"class":"3"},{"box":[537,1449,58,40],"attributes":[],"class":"3"},{"box":[807,1483,20,22],"attributes":[],"class":"5"},{"attributes":[],"class":"0","points":[664,979,2,666,962,2,673,970,1]}]}