{"images":[{"filename":"[07]_[Side]_[Screen01]_[Ama01] 105.jpg","width":1080,"height":1920}],"annotations":[{"attributes":[],"class":"keypoint_club","points":[0,0,0,630,1042,1,639,1008,1]},{"box":[418,852,295,693],"attributes":[],"class":"0"},{"box":[512,855,35,35],"attributes":[],"class":"2"},{"box":[605,877,106,114],"attributes":[],"class":"1"},{"box":[470,1478,140,66],"attributes":[],"class":"3"},{"box":[523,1451,76,39],"attributes":[],"class":"3"},{"box":[806,1483,21,23],"attributes":[],"class":"5"},{"attributes":[],"class":"0","points":[665,971,2,665,957,2,671,965,1]}]}