{"images":[{"filename":"[07]_[Side]_[Screen01]_[Ama01] 065.jpg","width":1080,"height":1920}],"annotations":[{"attributes":[],"class":"keypoint_club","points":[547,979,1,410,636,2,409,662,2]},{"box":[417,886,293,655],"attributes":[],"class":"0"},{"box":[602,886,108,116],"attributes":[],"class":"1"},{"box":[507,903,35,55],"attributes":[],"class":"2"},{"box":[529,934,39,47],"attributes":[],"class":"2"},{"box":[469,1482,140,57],"attributes":[],"class":"3"},{"box":[540,1457,56,33],"attributes":[],"class":"3"},{"box":[807,1483,20,22],"attributes":[],"class":"5"},{"attributes":[],"class":"0","points":[667,991,2,670,976,2,671,976,1]}]}