{"images":[{"filename":"[07]_[Side]_[Screen01]_[Ama01] 237.jpg","width":1080,"height":1920}],"annotations":[{"attributes":[],"class":"keypoint_club","points":[474,885,1,789,894,2,789,870,2]},{"box":[522,1441,93,105],"attributes":[],"class":"3"},{"box":[475,1449,61,40],"attributes":[],"class":"3"},{"box":[773,859,35,51],"attributes":[],"class":"6"},{"box":[572,838,86,83],"attributes":[],"class":"1"},{"box":[439,838,220,708],"attributes":[],"class":"0"},{"box":[499,865,37,23],"attributes":[],"class":"2"},{"box":[516,876,30,24],"attributes":[],"class":"2"},{"attributes":[],"class":"0","points":[604,888,1,619,878,1,601,873,1]}]}