{"images":[{"filename":"[07]_[Side]_[Screen01]_[Ama01] 017.jpg","width":1080,"height":1920}],"annotations":[{"attributes":[],"class":"keypoint_club","points":[584,1177,2,0,0,0,826,1510,2]},{"box":[410,891,293,649],"attributes":[],"class":"0"},{"box":[606,894,93,105],"attributes":[],"class":"1"},{"box":[597,1199,42,44],"attributes":[],"class":"2"},{"box":[471,1481,134,59],"attributes":[],"class":"3"},{"box":[532,1450,66,35],"attributes":[],"class":"3"},{"box":[816,1485,53,39],"attributes":[],"class":"6"},{"box":[808,1482,21,25],"attributes":[],"class":"5"},{"attributes":[],"class":"0","points":[660,987,2,664,971,2,666,976,1]}]}