{"images":[{"filename":"[07]_[Side]_[Screen01]_[Ama01] 133.jpg","width":1080,"height":1920}],"annotations":[{"box":[430,881,289,665],"attributes":[],"class":"0"},{"box":[596,886,119,115],"attributes":[],"class":"1"},{"box":[807,1482,21,23],"attributes":[],"class":"5"},{"box":[459,759,47,80],"attributes":[],"class":"6"},{"box":[618,1078,34,55],"attributes":[],"class":"2"},{"box":[588,1066,45,51],"attributes":[],"class":"2"},{"box":[537,1455,64,38],"attributes":[],"class":"3"},{"box":[471,1482,143,61],"attributes":[],"class":"3"},{"attributes":[],"class":"0","points":[668,983,2,671,970,2,677,969,1]}]}