{"images":[{"filename":"[07]_[Side]_[Screen01]_[Ama01] 053.jpg","width":1080,"height":1920}],"annotations":[{"attributes":[],"class":"keypoint_club","points":[575,1069,1,446,693,2,453,753,2]},{"box":[414,893,300,656],"attributes":[],"class":"0"},{"box":[437,685,30,53],"attributes":[],"class":"6"},{"box":[808,1485,19,19],"attributes":[],"class":"5"},{"box":[474,1485,138,55],"attributes":[],"class":"3"},{"box":[523,1446,73,38],"attributes":[],"class":"3"},{"box":[540,1014,34,49],"attributes":[],"class":"2"},{"attributes":[],"class":"0","points":[665,993,2,664,978,2,666,977,1]}]}