{"images":[{"filename":"[07]_[Side]_[Screen01]_[Ama01] 069.jpg","width":1080,"height":1920}],"annotations":[{"attributes":[],"class":"keypoint_club","points":[0,0,0,446,682,1,429,704,2]},{"box":[417,882,295,661],"attributes":[],"class":"0"},{"box":[624,883,87,112],"attributes":[],"class":"1"},{"box":[524,907,38,45],"attributes":[],"class":"2"},{"box":[497,886,39,44],"attributes":[],"class":"2"},{"box":[479,1483,131,59],"attributes":[],"class":"3"},{"box":[535,1445,64,45],"attributes":[],"class":"3"},{"box":[809,1483,17,20],"attributes":[],"class":"5"},{"attributes":[],"class":"0","points":[667,980,2,669,971,2,674,968,1]}]}