{"images":[{"filename":"[07]_[Side]_[Screen01]_[Ama01] 125.jpg","width":1080,"height":1920}],"annotations":[{"attributes":[],"class":"keypoint_club","points":[0,0,0,0,0,0,0,0,0]},{"box":[429,880,287,660],"attributes":[],"class":"0"},{"box":[529,912,31,50],"attributes":[],"class":"2"},{"box":[547,935,45,54],"attributes":[],"class":"2"},{"box":[808,1485,17,18],"attributes":[],"class":"5"},{"box":[472,1474,137,66],"attributes":[],"class":"3"},{"box":[531,1453,66,38],"attributes":[],"class":"3"},{"attributes":[],"class":"0","points":[674,982,2,673,966,2,677,969,1]}]}