{"images":[{"filename":"[07]_[Side]_[Screen01]_[Ama01] 001.jpg","width":1080,"height":1920}],"annotations":[{"attributes":[],"class":"keypoint_club","points":[581,1177,2,839,1493,2,802,1503,2]},{"box":[414,890,292,649],"attributes":[],"class":"0"},{"box":[589,1198,46,50],"attributes":[],"class":"2"},{"box":[538,1452,59,35],"attributes":[],"class":"3"},{"box":[469,1490,142,46],"attributes":[],"class":"3"},{"box":[805,1485,40,23],"attributes":[],"class":"6"},{"box":[809,1479,21,20],"attributes":[],"class":"5"},{"box":[602,889,100,108],"attributes":[],"class":"1"},{"attributes":[],"class":"0","points":[660,987,2,664,971,2,666,976,1]}]}