{"images":[{"filename":"[07]_[Side]_[Screen01]_[Ama01] 077.jpg","width":1080,"height":1920}],"annotations":[{"attributes":[],"class":"keypoint_club","points":[0,0,0,0,0,0,0,0,0]},{"box":[417,870,295,681],"attributes":[],"class":"0"},{"box":[516,874,37,36],"attributes":[],"class":"2"},{"box":[505,869,31,26],"attributes":[],"class":"2"},{"box":[807,1483,21,24],"attributes":[],"class":"5"},{"box":[471,1485,139,57],"attributes":[],"class":"3"},{"box":[516,1454,81,30],"attributes":[],"class":"3"},{"box":[605,869,107,122],"attributes":[],"class":"1"},{"attributes":[],"class":"0","points":[669,980,2,671,965,2,672,969,1]}]}