{"images":[{"filename":"[07]_[Side]_[Screen01]_[Ama01] 109.jpg","width":1080,"height":1920}],"annotations":[{"attributes":[],"class":"keypoint_club","points":[0,0,0,630,1042,1,639,1008,1]},{"box":[807,1484,20,22],"attributes":[],"class":"5"},{"box":[468,1481,149,60],"attributes":[],"class":"3"},{"box":[531,1452,65,38],"attributes":[],"class":"3"},{"box":[605,870,106,118],"attributes":[],"class":"1"},{"box":[419,853,293,687],"attributes":[],"class":"0"},{"box":[513,856,35,38],"attributes":[],"class":"2"},{"attributes":[],"class":"0","points":[665,971,2,665,957,2,671,965,1]}]}