{"images":[{"filename":"[07]_[Side]_[Screen01]_[Ama01] 229.jpg","width":1080,"height":1920}],"annotations":[{"attributes":[],"class":"keypoint_club","points":[468,883,1,803,906,2,803,887,2]},{"box":[444,857,256,690],"attributes":[],"class":"0"},{"box":[526,1451,86,95],"attributes":[],"class":"3"},{"box":[479,1420,51,65],"attributes":[],"class":"3"},{"box":[786,878,28,36],"attributes":[],"class":"6"},{"box":[594,857,105,97],"attributes":[],"class":"1"},{"box":[500,863,33,19],"attributes":[],"class":"2"},{"box":[505,882,28,12],"attributes":[],"class":"2"},{"attributes":[],"class":"0","points":[604,888,1,619,878,1,601,873,1]}]}