{"images":[{"filename":"[07]_[Side]_[Screen01]_[Ama01] 021.jpg","width":1080,"height":1920}],"annotations":[{"attributes":[],"class":"keypoint_club","points":[584,1177,2,863,1503,2,824,1517,2]},{"box":[410,887,294,654],"attributes":[],"class":"0"},{"box":[827,1484,41,42],"attributes":[],"class":"6"},{"box":[807,1484,21,24],"attributes":[],"class":"5"},{"box":[475,1480,135,59],"attributes":[],"class":"3"},{"box":[596,887,110,115],"attributes":[],"class":"1"},{"box":[595,1190,40,55],"attributes":[],"class":"2"},{"box":[544,1457,54,31],"attributes":[],"class":"3"},{"attributes":[],"class":"0","points":[660,987,2,664,971,2,666,976,1]}]}