{"images":[{"filename":"[07]_[Side]_[Screen01]_[Ama01] 057.jpg","width":1080,"height":1920}],"annotations":[{"attributes":[],"class":"keypoint_club","points":[556,1040,1,424,628,2,409,645,2]},{"box":[417,881,293,664],"attributes":[],"class":"0"},{"box":[403,623,22,29],"attributes":[],"class":"6"},{"box":[602,895,108,108],"attributes":[],"class":"1"},{"box":[523,972,34,46],"attributes":[],"class":"2"},{"box":[544,994,41,53],"attributes":[],"class":"2"},{"box":[473,1472,134,67],"attributes":[],"class":"3"},{"box":[538,1453,60,35],"attributes":[],"class":"3"},{"box":[807,1484,22,22],"attributes":[],"class":"5"},{"attributes":[],"class":"0","points":[665,993,2,667,978,2,666,977,1]}]}