{"images":[{"filename":"[07]_[Side]_[Screen01]_[Ama01] 085.jpg","width":1080,"height":1920}],"annotations":[{"attributes":[],"class":"keypoint_club","points":[0,0,0,619,869,1,602,851,1]},{"box":[421,854,292,688],"attributes":[],"class":"0"},{"box":[808,1484,20,21],"attributes":[],"class":"5"},{"box":[533,1448,66,42],"attributes":[],"class":"3"},{"box":[470,1484,143,58],"attributes":[],"class":"3"},{"box":[508,857,15,26],"attributes":[],"class":"2"},{"box":[515,858,35,39],"attributes":[],"class":"2"},{"box":[599,874,113,114],"attributes":[],"class":"1"},{"attributes":[],"class":"0","points":[664,979,2,666,962,2,673,970,1]}]}