{"images":[{"filename":"[07]_[Side]_[Screen01]_[Ama01] 233.jpg","width":1080,"height":1920}],"annotations":[{"attributes":[],"class":"keypoint_club","points":[475,884,1,795,899,2,796,880,2]},{"box":[443,837,209,699],"attributes":[],"class":"0"},{"box":[561,835,87,84],"attributes":[],"class":"1"},{"box":[513,867,30,38],"attributes":[],"class":"2"},{"box":[483,870,32,31],"attributes":[],"class":"2"},{"box":[786,871,23,39],"attributes":[],"class":"6"},{"box":[526,1441,87,104],"attributes":[],"class":"3"},{"box":[478,1433,62,92],"attributes":[],"class":"3"},{"attributes":[],"class":"0","points":[610,887,1,622,880,1,601,872,1]}]}