{"images":[{"filename":"[07]_[Side]_[Screen01]_[Ama01] 213.jpg","width":1080,"height":1920}],"annotations":[{"attributes":[],"class":"keypoint_club","points":[481,873,1,811,991,2,816,966,2]},{"box":[445,828,203,717],"attributes":[],"class":"0"},{"box":[806,956,19,39],"attributes":[],"class":"6"},{"box":[515,865,36,37],"attributes":[],"class":"2"},{"box":[483,865,38,36],"attributes":[],"class":"2"},{"box":[522,1446,92,98],"attributes":[],"class":"3"},{"box":[482,1446,55,42],"attributes":[],"class":"3"},{"box":[584,839,64,65],"attributes":[],"class":"1"},{"attributes":[],"class":"0","points":[634,911,1,651,906,1,632,896,1]}]}