{"images":[{"filename":"[07]_[Side]_[Screen01]_[Ama01] 209.jpg","width":1080,"height":1920}],"annotations":[{"attributes":[],"class":"keypoint_club","points":[486,871,1,809,1008,2,815,988,2]},{"box":[444,832,205,715],"attributes":[],"class":"0"},{"box":[564,833,84,83],"attributes":[],"class":"1"},{"box":[487,867,39,24],"attributes":[],"class":"2"},{"box":[518,866,35,38],"attributes":[],"class":"2"},{"box":[800,981,21,40],"attributes":[],"class":"6"},{"box":[520,1446,95,100],"attributes":[],"class":"3"},{"box":[481,1456,43,33],"attributes":[],"class":"3"},{"attributes":[],"class":"0","points":[638,914,1,651,910,1,638,900,1]}]}