{"images":[{"filename":"[07]_[Side]_[Screen01]_[Ama01] 033.jpg","width":1080,"height":1920}],"annotations":[{"attributes":[],"class":"keypoint_club","points":[597,1158,1,837,1434,2,801,1458,2]},{"box":[411,898,296,647],"attributes":[],"class":"0"},{"box":[602,899,103,107],"attributes":[],"class":"1"},{"box":[592,1155,40,58],"attributes":[],"class":"2"},{"box":[544,1457,51,27],"attributes":[],"class":"3"},{"box":[471,1479,139,63],"attributes":[],"class":"3"},{"box":[791,1417,55,43],"attributes":[],"class":"6"},{"box":[807,1484,19,19],"attributes":[],"class":"5"},{"attributes":[],"class":"0","points":[655,990,2,664,980,2,669,977,1]}]}