{"images":[{"filename":"[07]_[Side]_[Screen01]_[Ama01] 177.jpg","width":1080,"height":1920}],"annotations":[{"box":[454,835,221,712],"attributes":[],"class":"0"},{"box":[478,1428,111,56],"attributes":[],"class":"3"},{"box":[512,1460,104,82],"attributes":[],"class":"3"},{"box":[497,842,22,46],"attributes":[],"class":"2"},{"box":[590,836,82,86],"attributes":[],"class":"1"},{"box":[620,727,39,45],"attributes":[],"class":"6"},{"box":[511,854,25,35],"attributes":[],"class":"2"},{"attributes":[],"class":"0","points":[636,896,1,653,894,1,635,880,1]}]}