게시글번호,제목,작성자,작성일,가격,조회수,판매여부
749401,롱고니 아르모니아 팝니다 (목조인트),craft104,1612419240287,1400000,4,True
749400,레인보우흑단+상대2  팔아요(레디얼),hsjbjh,1612419177300,1700000,6,True
749399,롱고니 더킹 + 루나 네라 + 20익스텐도 + 스텔라 가방,contechcv,1612419098010,1800000,23,True
749398,큐브나인 컬리 상대 판매,qkrdmscks11,1612419064127,520000,14,True
749396,◆◆ 한밭 플러스프로 ◆◆,speedmaxx,1612418758580,990000,46,True
749393,◆◆ JBS JG 06 ◆◆,speedmaxx,1612418566593,660000,28,True
749392,한밭 일레븐 + 마에 버드 조합(블루) 팝니다,wjdwodn1234,1612418552010,1200000,55,True
749391,[★★★판매★★★]에이블 뉴 24검 CWT 판매합니다.,drabird,1612418525597,1200000,24,True
749390,무사시 불꽃버마 322-9번 판매및교환 ,vnffn77,1612418503023,12245,74,True
749389,롱고니 아말리아 목조인트,dustin-,1612418101660,2240000,90,True
749388,슐러 컬리상대(VP2),n76048031,1612418078297,250000,24,True
749387,고리나 퍼플하트 스트레이트,gbkpro,1612418066300,400000,28,True
749385,마에스트로 풀셋 판매,emaofm,1612417974517,3000000,89,True
749384,아담무사시 야마토 스페셜 2016년식,skyzz741,1612417971870,2200000,41,True
749383,JBS 조재호 12검,wjswn0410,1612417941313,2250000,43,True
749382,●□ K큐 올죠몬 불꽃7단버터 판매합니다 □●,eurewrp,1612417849320,123456,51,True
749381,롱고니 마니피카 상대2개조합 팝니다,colaryong,1612417841567,2000000,30,True
749378,★ 롱고니 아말리아 옥타고날 vp2 ★ 판매합니다,analog1003,1612417746667,2400000,73,True
749377,아큐라 12쪽 상대 팝니다.,dawn4725,1612417725063,130000,17,True
749376,TAS 2×4 가방,gbkpro,1612417587320,160000,64,True
749401,롱고니 아르모니아 팝니다 (목조인트),craft104,1612419240287,1400000,4,True
749400,레인보우흑단+상대2  팔아요(레디얼),hsjbjh,1612419177300,1700000,6,True
749399,롱고니 더킹 + 루나 네라 + 20익스텐도 + 스텔라 가방,contechcv,1612419098010,1800000,23,True
749398,큐브나인 컬리 상대 판매,qkrdmscks11,1612419064127,520000,14,True
749396,◆◆ 한밭 플러스프로 ◆◆,speedmaxx,1612418758580,990000,46,True
749393,◆◆ JBS JG 06 ◆◆,speedmaxx,1612418566593,660000,28,True
749392,한밭 일레븐 + 마에 버드 조합(블루) 팝니다,wjdwodn1234,1612418552010,1200000,55,True
749391,[★★★판매★★★]에이블 뉴 24검 CWT 판매합니다.,drabird,1612418525597,1200000,24,True
749390,무사시 불꽃버마 322-9번 판매및교환 ,vnffn77,1612418503023,12245,74,True
749389,롱고니 아말리아 목조인트,dustin-,1612418101660,2240000,90,True
749388,슐러 컬리상대(VP2),n76048031,1612418078297,250000,24,True
749387,고리나 퍼플하트 스트레이트,gbkpro,1612418066300,400000,28,True
749385,마에스트로 풀셋 판매,emaofm,1612417974517,3000000,89,True
749384,아담무사시 야마토 스페셜 2016년식,skyzz741,1612417971870,2200000,41,True
749383,JBS 조재호 12검,wjswn0410,1612417941313,2250000,43,True
749382,●□ K큐 올죠몬 불꽃7단버터 판매합니다 □●,eurewrp,1612417849320,123456,51,True
749381,롱고니 마니피카 상대2개조합 팝니다,colaryong,1612417841567,2000000,30,True
749378,★ 롱고니 아말리아 옥타고날 vp2 ★ 판매합니다,analog1003,1612417746667,2400000,73,True
749377,아큐라 12쪽 상대 팝니다.,dawn4725,1612417725063,130000,17,True
749376,TAS 2×4 가방,gbkpro,1612417587320,160000,64,True
