{"images":[{"filename":"[04]_[Side]_[Screen01]_[Ama01] 061.jpg","width":1080,"height":1920}],"annotations":[{"attributes":[],"class":"keypoint_club","points":[466,1027,1,124,537,2,132,578,2]},{"box":[317,861,289,692],"attributes":[],"class":"0"},{"box":[496,863,109,117],"attributes":[],"class":"1"},{"box":[402,966,38,53],"attributes":[],"class":"2"},{"box":[432,986,46,52],"attributes":[],"class":"2"},{"box":[95,533,44,52],"attributes":[],"class":"6"},{"box":[807,1487,22,23],"attributes":[],"class":"5"},{"box":[428,1455,72,39],"attributes":[],"class":"3"},{"box":[351,1494,147,62],"attributes":[],"class":"3"},{"attributes":[],"class":"0","points":[565,959,2,559,937,1,562,945,2]}]}