{"images":[{"filename":"[04]_[Side]_[Screen01]_[Ama01] 213.jpg","width":1080,"height":1920}],"annotations":[{"attributes":[],"class":"keypoint_club","points":[395,875,1,761,973,2,751,939,2]},{"box":[330,806,221,754],"attributes":[],"class":"0"},{"box":[450,809,89,82],"attributes":[],"class":"1"},{"box":[625,1262,9,10],"attributes":[],"class":"5"},{"box":[742,928,37,53],"attributes":[],"class":"6"},{"box":[377,856,46,42],"attributes":[],"class":"2"},{"box":[351,860,46,40],"attributes":[],"class":"2"},{"box":[377,1446,124,49],"attributes":[],"class":"3"},{"box":[380,1453,118,103],"attributes":[],"class":"3"},{"attributes":[],"class":"0","points":[487,876,1,483,856,1,501,857,1]}]}