{"images":[{"filename":"[04]_[Side]_[Screen01]_[Ama01] 089.jpg","width":1080,"height":1920}],"annotations":[{"attributes":[],"class":"keypoint_club","points":[392,869,2,533,1011,1,530,968,1]},{"box":[384,849,38,42],"attributes":[],"class":"2"},{"box":[496,854,105,110],"attributes":[],"class":"1"},{"box":[354,1486,142,66],"attributes":[],"class":"3"},{"box":[424,1451,74,41],"attributes":[],"class":"3"},{"box":[810,1488,17,19],"attributes":[],"class":"5"},{"box":[325,848,277,704],"attributes":[],"class":"0"},{"attributes":[],"class":"0","points":[563,948,2,570,940,1,565,933,2]}]}