{"images":[{"filename":"[04]_[Side]_[Screen01]_[Ama01] 237.jpg","width":1080,"height":1920}],"annotations":[{"attributes":[],"class":"keypoint_club","points":[390,874,1,752,801,2,730,776,2]},{"box":[332,806,219,750],"attributes":[],"class":"0"},{"box":[358,858,27,30],"attributes":[],"class":"2"},{"box":[385,851,28,37],"attributes":[],"class":"2"},{"box":[722,770,41,38],"attributes":[],"class":"6"},{"box":[379,1462,113,94],"attributes":[],"class":"3"},{"box":[376,1451,121,32],"attributes":[],"class":"3"},{"box":[455,805,81,75],"attributes":[],"class":"1"},{"attributes":[],"class":"0","points":[487,876,1,483,856,1,501,857,1]}]}