{"images":[{"filename":"[04]_[Side]_[Screen01]_[Ama01] 001.jpg","width":1080,"height":1920}],"annotations":[{"attributes":[],"class":"keypoint_club","points":[0,0,0,847,1494,2,816,1506,2]},{"box":[313,851,282,704],"attributes":[],"class":"0"},{"box":[485,850,109,120],"attributes":[],"class":"1"},{"box":[809,1487,19,17],"attributes":[],"class":"5"},{"box":[812,1491,43,26],"attributes":[],"class":"6"},{"box":[503,1179,46,44],"attributes":[],"class":"2"},{"box":[487,1170,19,28],"attributes":[],"class":"2"},{"box":[358,1490,140,63],"attributes":[],"class":"3"},{"box":[428,1450,72,48],"attributes":[],"class":"3"},{"attributes":[],"class":"0","points":[559,950,2,557,929,1,555,936,2]}]}