{"images":[{"filename":"[04]_[Side]_[Screen01]_[Ama01] 229.jpg","width":1080,"height":1920}],"annotations":[{"attributes":[],"class":"keypoint_club","points":[400,872,1,761,851,2,748,820,2]},{"box":[735,812,44,51],"attributes":[],"class":"6"},{"box":[380,1456,113,100],"attributes":[],"class":"3"},{"box":[378,1450,117,38],"attributes":[],"class":"3"},{"box":[353,860,37,35],"attributes":[],"class":"2"},{"box":[375,855,41,40],"attributes":[],"class":"2"},{"box":[442,804,94,92],"attributes":[],"class":"1"},{"box":[330,804,223,753],"attributes":[],"class":"0"},{"attributes":[],"class":"0","points":[487,876,1,483,856,1,501,857,1]}]}