{"images":[{"filename":"[04]_[Side]_[Screen01]_[Ama01] 101.jpg","width":1080,"height":1920}],"annotations":[{"attributes":[],"class":"keypoint_club","points":[395,857,2,554,1068,2,556,1047,2]},{"box":[504,861,88,98],"attributes":[],"class":"1"},{"box":[383,843,42,40],"attributes":[],"class":"2"},{"box":[546,1043,23,28],"attributes":[],"class":"6"},{"box":[807,1487,20,21],"attributes":[],"class":"6"},{"box":[352,1494,143,60],"attributes":[],"class":"3"},{"box":[427,1463,72,34],"attributes":[],"class":"3"},{"box":[330,844,261,702],"attributes":[],"class":"0"},{"attributes":[],"class":"0","points":[565,942,2,559,927,2,576,932,1]}]}