{"images":[{"filename":"[04]_[Side]_[Screen01]_[Ama01] 233.jpg","width":1080,"height":1920}],"annotations":[{"attributes":[],"class":"keypoint_club","points":[395,872,1,755,820,2,741,794,2]},{"box":[334,799,222,754],"attributes":[],"class":"0"},{"box":[724,788,50,46],"attributes":[],"class":"6"},{"box":[380,855,30,32],"attributes":[],"class":"2"},{"box":[355,859,25,34],"attributes":[],"class":"2"},{"box":[453,805,81,91],"attributes":[],"class":"1"},{"box":[381,1455,110,98],"attributes":[],"class":"3"},{"box":[378,1454,120,33],"attributes":[],"class":"3"},{"attributes":[],"class":"0","points":[487,876,1,483,856,1,501,857,1]}]}