{"images":[{"filename":"[04]_[Side]_[Screen01]_[Ama01] 173.jpg","width":1080,"height":1920}],"annotations":[{"attributes":[],"class":"keypoint_club","points":[389,897,1,0,0,0,216,549,2]},{"box":[345,823,237,734],"attributes":[],"class":"0"},{"box":[202,521,33,34],"attributes":[],"class":"6"},{"box":[369,879,27,40],"attributes":[],"class":"2"},{"box":[378,869,27,27],"attributes":[],"class":"2"},{"box":[479,821,101,102],"attributes":[],"class":"1"},{"box":[367,1463,134,89],"attributes":[],"class":"3"},{"box":[452,1451,43,30],"attributes":[],"class":"3"},{"attributes":[],"class":"0","points":[536,903,1,532,890,1,546,897,1]}]}