{"images":[{"filename":"[04]_[Side]_[Screen01]_[Ama01] 005.jpg","width":1080,"height":1920}],"annotations":[{"attributes":[],"class":"keypoint_club","points":[494,1169,2,848,1495,2,820,1510,2]},{"box":[316,860,274,693],"attributes":[],"class":"0"},{"box":[807,1487,48,30],"attributes":[],"class":"6"},{"box":[807,1487,20,18],"attributes":[],"class":"5"},{"box":[356,1495,141,57],"attributes":[],"class":"3"},{"box":[424,1458,74,37],"attributes":[],"class":"3"},{"box":[499,1169,51,55],"attributes":[],"class":"2"},{"box":[481,861,108,109],"attributes":[],"class":"1"},{"attributes":[],"class":"0","points":[556,946,2,559,929,2,549,931,1]}]}