{"images":[{"filename":"[04]_[Side]_[Screen01]_[Ama01] 217.jpg","width":1080,"height":1920}],"annotations":[{"attributes":[],"class":"keypoint_club","points":[401,876,1,766,941,2,756,907,2]},{"box":[332,808,214,746],"attributes":[],"class":"0"},{"box":[377,857,43,41],"attributes":[],"class":"2"},{"box":[355,859,39,41],"attributes":[],"class":"2"},{"box":[747,902,34,44],"attributes":[],"class":"6"},{"box":[384,1460,110,93],"attributes":[],"class":"3"},{"box":[378,1448,117,41],"attributes":[],"class":"3"},{"box":[435,810,110,81],"attributes":[],"class":"1"},{"attributes":[],"class":"0","points":[487,876,1,483,856,1,501,857,1]}]}