{"images":[{"filename":"[04]_[Side]_[Screen01]_[Ama01] 017.jpg","width":1080,"height":1920}],"annotations":[{"attributes":[],"class":"keypoint_club","points":[509,1176,1,864,1506,2,834,1521,2]},{"box":[311,857,286,693],"attributes":[],"class":"0"},{"box":[810,1489,18,18],"attributes":[],"class":"5"},{"box":[830,1502,40,26],"attributes":[],"class":"6"},{"box":[353,1494,142,55],"attributes":[],"class":"3"},{"box":[425,1454,71,37],"attributes":[],"class":"3"},{"box":[505,1175,46,47],"attributes":[],"class":"2"},{"box":[492,1164,18,31],"attributes":[],"class":"2"},{"box":[484,859,110,110],"attributes":[],"class":"1"},{"attributes":[],"class":"0","points":[559,950,2,557,929,1,555,936,2]}]}