{"images":[{"filename":"[04]_[Side]_[Screen01]_[Ama01] 081.jpg","width":1080,"height":1920}],"annotations":[{"attributes":[],"class":"keypoint_club","points":[397,893,2,541,1006,1,534,974,1]},{"box":[319,835,287,717],"attributes":[],"class":"0"},{"box":[486,839,117,128],"attributes":[],"class":"1"},{"box":[390,864,34,38],"attributes":[],"class":"2"},{"box":[377,856,25,35],"attributes":[],"class":"2"},{"box":[354,1494,140,57],"attributes":[],"class":"3"},{"box":[423,1459,75,35],"attributes":[],"class":"3"},{"attributes":[],"class":"0","points":[565,959,2,559,937,1,562,945,2]}]}