{"images":[{"filename":"[04]_[Side]_[Screen01]_[Ama01] 057.jpg","width":1080,"height":1920}],"annotations":[{"attributes":[],"class":"keypoint_club","points":[473,1062,1,142,608,2,172,674,2]},{"box":[312,867,283,687],"attributes":[],"class":"0"},{"box":[425,1006,37,45],"attributes":[],"class":"2"},{"box":[449,1021,42,46],"attributes":[],"class":"2"},{"box":[130,598,55,70],"attributes":[],"class":"6"},{"box":[812,1489,17,20],"attributes":[],"class":"5"},{"box":[355,1489,142,62],"attributes":[],"class":"3"},{"box":[426,1449,72,44],"attributes":[],"class":"3"},{"box":[499,871,96,108],"attributes":[],"class":"1"},{"attributes":[],"class":"0","points":[565,959,2,559,937,1,562,945,2]}]}