{"images":[{"filename":"[04]_[Side]_[Screen01]_[Ama01] 065.jpg","width":1080,"height":1920}],"annotations":[{"attributes":[],"class":"keypoint_club","points":[450,1001,2,140,541,2,143,562,2]},{"box":[319,863,285,693],"attributes":[],"class":"0"},{"box":[810,1488,20,21],"attributes":[],"class":"5"},{"box":[112,539,37,29],"attributes":[],"class":"6"},{"box":[493,864,109,119],"attributes":[],"class":"1"},{"box":[418,950,47,55],"attributes":[],"class":"2"},{"box":[388,927,41,53],"attributes":[],"class":"2"},{"box":[429,1462,70,32],"attributes":[],"class":"3"},{"box":[356,1495,142,60],"attributes":[],"class":"3"},{"attributes":[],"class":"0","points":[565,959,2,559,937,1,562,945,2]}]}