{"images":[{"filename":"[04]_[Side]_[Screen01]_[Ama01] 169.jpg","width":1080,"height":1920}],"annotations":[{"attributes":[],"class":"keypoint_club","points":[407,929,1,239,594,2,240,627,2]},{"box":[497,829,85,105],"attributes":[],"class":"1"},{"box":[223,591,29,41],"attributes":[],"class":"6"},{"box":[630,1255,8,6],"attributes":[],"class":"5"},{"box":[360,1482,137,72],"attributes":[],"class":"3"},{"box":[443,1457,53,28],"attributes":[],"class":"3"},{"box":[349,829,236,726],"attributes":[],"class":"0"},{"attributes":[],"class":"0","points":[546,910,2,542,895,1,554,902,1]}]}