{"images":[{"filename":"[04]_[Side]_[Screen01]_[Ama01] 109.jpg","width":1080,"height":1920}],"annotations":[{"attributes":[],"class":"keypoint_club","points":[392,865,2,555,1063,2,560,1041,2]},{"box":[329,840,270,718],"attributes":[],"class":"0"},{"box":[490,841,108,124],"attributes":[],"class":"1"},{"box":[385,849,39,38],"attributes":[],"class":"2"},{"box":[349,1491,148,64],"attributes":[],"class":"3"},{"box":[423,1461,76,32],"attributes":[],"class":"3"},{"box":[808,1488,21,21],"attributes":[],"class":"5"},{"box":[547,1039,24,29],"attributes":[],"class":"6"},{"attributes":[],"class":"0","points":[563,948,2,567,938,1,561,931,2]}]}