{"images":[{"filename":"[04]_[Side]_[Screen01]_[Ama01] 021.jpg","width":1080,"height":1920}],"annotations":[{"attributes":[],"class":"keypoint_club","points":[504,1168,1,873,1515,2,840,1528,2]},{"box":[308,858,295,696],"attributes":[],"class":"0"},{"box":[491,860,113,111],"attributes":[],"class":"1"},{"box":[509,1175,45,48],"attributes":[],"class":"2"},{"box":[491,1167,29,35],"attributes":[],"class":"2"},{"box":[429,1460,70,34],"attributes":[],"class":"3"},{"box":[351,1491,150,62],"attributes":[],"class":"3"},{"box":[805,1486,27,21],"attributes":[],"class":"5"},{"box":[837,1506,46,35],"attributes":[],"class":"6"},{"attributes":[],"class":"0","points":[559,950,2,557,929,1,555,936,2]}]}