{"images":[{"filename":"[04]_[Side]_[Screen01]_[Ama01] 221.jpg","width":1080,"height":1920}],"annotations":[{"attributes":[],"class":"keypoint_club","points":[397,873,1,765,903,2,758,874,2]},{"box":[331,827,356,730],"attributes":[],"class":"0"},{"box":[356,855,31,41],"attributes":[],"class":"2"},{"box":[745,871,42,36],"attributes":[],"class":"6"},{"box":[381,1466,113,91],"attributes":[],"class":"3"},{"box":[381,1453,115,29],"attributes":[],"class":"3"},{"box":[452,827,87,59],"attributes":[],"class":"1"},{"box":[382,855,39,41],"attributes":[],"class":"2"},{"attributes":[],"class":"0","points":[487,876,1,483,856,1,501,857,1]}]}