{"images":[{"filename":"[04]_[Side]_[Screen01]_[Ama01] 045.jpg","width":1080,"height":1920}],"annotations":[{"attributes":[],"class":"keypoint_club","points":[499,1124,1,616,1209,2,579,1230,2]},{"box":[306,840,292,711],"attributes":[],"class":"0"},{"box":[350,1490,149,60],"attributes":[],"class":"3"},{"box":[423,1451,80,50],"attributes":[],"class":"3"},{"box":[477,1104,42,55],"attributes":[],"class":"2"},{"box":[504,1106,26,44],"attributes":[],"class":"2"},{"box":[566,1207,26,28],"attributes":[],"class":"6"},{"box":[481,840,116,140],"attributes":[],"class":"1"},{"box":[810,1488,17,21],"attributes":[],"class":"5"},{"attributes":[],"class":"0","points":[559,959,2,553,938,1,559,941,2]}]}