{"images":[{"filename":"[04]_[Side]_[Screen01]_[Ama01] 149.jpg","width":1080,"height":1920}],"annotations":[{"attributes":[],"class":"keypoint_club","points":[528,1132,1,759,1355,2,732,1362,2]},{"box":[344,831,243,721],"attributes":[],"class":"0"},{"box":[355,1481,140,73],"attributes":[],"class":"3"},{"box":[427,1453,68,37],"attributes":[],"class":"3"},{"box":[720,1332,47,49],"attributes":[],"class":"6"},{"box":[495,842,97,106],"attributes":[],"class":"1"},{"attributes":[],"class":"0","points":[562,937,2,560,921,2,552,922,1]}]}