{"images":[{"filename":"[04]_[Side]_[Screen01]_[Ama01] 073.jpg","width":1080,"height":1920}],"annotations":[{"attributes":[],"class":"keypoint_club","points":[421,941,2,0,0,0,0,0,0]},{"box":[322,860,282,690],"attributes":[],"class":"0"},{"box":[242,647,19,24],"attributes":[],"class":"6"},{"box":[497,863,101,110],"attributes":[],"class":"1"},{"box":[374,877,33,49],"attributes":[],"class":"2"},{"box":[396,893,43,50],"attributes":[],"class":"2"},{"box":[429,1451,68,41],"attributes":[],"class":"3"},{"box":[352,1489,145,60],"attributes":[],"class":"3"},{"box":[809,1488,19,21],"attributes":[],"class":"5"},{"attributes":[],"class":"0","points":[565,959,2,559,937,1,562,945,2]}]}