{"images":[{"filename":"[04]_[Side]_[Screen01]_[Ama01] 049.jpg","width":1080,"height":1920}],"annotations":[{"attributes":[],"class":"keypoint_club","points":[497,1112,1,416,952,2,412,1011,2]},{"box":[810,1489,18,18],"attributes":[],"class":"5"},{"box":[313,860,284,689],"attributes":[],"class":"0"},{"box":[465,1076,39,55],"attributes":[],"class":"2"},{"box":[491,1084,26,40],"attributes":[],"class":"2"},{"box":[352,1490,144,58],"attributes":[],"class":"3"},{"box":[430,1458,68,35],"attributes":[],"class":"3"},{"box":[496,861,98,120],"attributes":[],"class":"1"},{"box":[366,940,94,103],"attributes":[],"class":"6"},{"attributes":[],"class":"0","points":[563,959,2,566,947,2,555,949,1]}]}