{"images":[{"filename":"[04]_[Side]_[Screen01]_[Ama01] 153.jpg","width":1080,"height":1920}],"annotations":[{"attributes":[],"class":"keypoint_club","points":[510,1090,1,631,1187,2,615,1200,2]},{"box":[346,842,249,709],"attributes":[],"class":"0"},{"box":[608,1171,27,40],"attributes":[],"class":"6"},{"box":[353,1483,143,68],"attributes":[],"class":"3"},{"box":[423,1450,72,34],"attributes":[],"class":"3"},{"box":[498,842,95,111],"attributes":[],"class":"1"},{"attributes":[],"class":"0","points":[561,942,2,564,923,1,565,926,2]}]}