{"images":[{"filename":"[04]_[Side]_[Screen01]_[Ama01] 093.jpg","width":1080,"height":1920}],"annotations":[{"attributes":[],"class":"keypoint_club","points":[395,862,2,529,1038,1,528,1000,1]},{"box":[322,843,290,714],"attributes":[],"class":"0"},{"box":[495,852,108,111],"attributes":[],"class":"1"},{"box":[809,1486,20,25],"attributes":[],"class":"5"},{"box":[380,847,45,41],"attributes":[],"class":"2"},{"box":[419,1454,81,41],"attributes":[],"class":"3"},{"box":[354,1490,144,63],"attributes":[],"class":"3"},{"attributes":[],"class":"0","points":[563,948,2,570,940,1,565,933,2]}]}