{"images":[{"filename":"[04]_[Side]_[Screen01]_[Ama01] 113.jpg","width":1080,"height":1920}],"annotations":[{"attributes":[],"class":"keypoint_club","points":[398,865,2,526,1045,1,535,1032,1]},{"box":[810,1489,18,18],"attributes":[],"class":"5"},{"box":[389,854,37,35],"attributes":[],"class":"2"},{"box":[326,851,276,702],"attributes":[],"class":"0"},{"box":[352,1488,143,63],"attributes":[],"class":"3"},{"box":[422,1452,74,40],"attributes":[],"class":"3"},{"attributes":[],"class":"0","points":[563,948,2,567,938,1,561,931,2]}]}