{"images":[{"filename":"[04]_[Side]_[Screen01]_[Ama01] 025.jpg","width":1080,"height":1920}],"annotations":[{"attributes":[],"class":"keypoint_club","points":[500,1158,1,882,1524,2,854,1543,2]},{"box":[312,854,281,700],"attributes":[],"class":"0"},{"box":[479,851,114,117],"attributes":[],"class":"1"},{"box":[512,1168,39,51],"attributes":[],"class":"2"},{"box":[493,1170,25,33],"attributes":[],"class":"2"},{"box":[808,1486,20,24],"attributes":[],"class":"5"},{"box":[835,1522,56,28],"attributes":[],"class":"6"},{"box":[428,1450,70,42],"attributes":[],"class":"3"},{"box":[353,1493,146,61],"attributes":[],"class":"3"},{"attributes":[],"class":"0","points":[559,950,2,557,929,1,555,936,2]}]}