{"images":[{"filename":"[04]_[Side]_[Screen01]_[Ama01] 185.jpg","width":1080,"height":1920}],"annotations":[{"attributes":[],"class":"keypoint_club","points":[367,892,1,500,811,2,465,764,2]},{"box":[338,822,223,732],"attributes":[],"class":"0"},{"box":[451,757,69,62],"attributes":[],"class":"6"},{"box":[366,853,40,33],"attributes":[],"class":"2"},{"box":[359,864,36,31],"attributes":[],"class":"2"},{"box":[380,1460,113,93],"attributes":[],"class":"3"},{"box":[380,1449,115,42],"attributes":[],"class":"3"},{"box":[463,823,93,87],"attributes":[],"class":"1"},{"attributes":[],"class":"0","points":[501,885,1,495,873,1,514,884,1]}]}