{"images":[{"filename":"[04]_[Side]_[Screen01]_[Ama01] 205.jpg","width":1080,"height":1920}],"annotations":[{"attributes":[],"class":"keypoint_club","points":[394,877,1,738,1022,2,728,987,2]},{"box":[332,811,216,745],"attributes":[],"class":"0"},{"box":[449,811,100,103],"attributes":[],"class":"1"},{"box":[378,1456,116,99],"attributes":[],"class":"3"},{"box":[379,1456,117,34],"attributes":[],"class":"3"},{"box":[378,860,40,25],"attributes":[],"class":"2"},{"box":[355,860,36,37],"attributes":[],"class":"2"},{"box":[721,980,36,51],"attributes":[],"class":"6"},{"attributes":[],"class":"0","points":[486,867,1,503,853,1,477,850,1]}]}