{"images":[{"filename":"[04]_[Side]_[Screen01]_[Ama01] 085.jpg","width":1080,"height":1920}],"annotations":[{"attributes":[],"class":"keypoint_club","points":[394,876,2,518,977,1,505,946,1]},{"box":[323,850,278,702],"attributes":[],"class":"0"},{"box":[809,1488,20,22],"attributes":[],"class":"5"},{"box":[353,1490,146,63],"attributes":[],"class":"3"},{"box":[423,1454,77,40],"attributes":[],"class":"3"},{"box":[483,851,116,118],"attributes":[],"class":"1"},{"box":[378,850,48,47],"attributes":[],"class":"2"},{"attributes":[],"class":"0","points":[563,948,2,570,940,1,565,933,2]}]}