{"images":[{"filename":"[04]_[Side]_[Screen01]_[Ama01] 117.jpg","width":1080,"height":1920}],"annotations":[{"attributes":[],"class":"keypoint_club","points":[399,880,2,520,1048,1,533,1020,1]},{"box":[327,857,265,695],"attributes":[],"class":"0"},{"box":[808,1489,20,19],"attributes":[],"class":"5"},{"box":[387,858,39,42],"attributes":[],"class":"2"},{"box":[496,855,95,108],"attributes":[],"class":"1"},{"box":[423,1449,77,44],"attributes":[],"class":"3"},{"box":[354,1490,141,63],"attributes":[],"class":"3"},{"attributes":[],"class":"0","points":[569,950,2,567,933,2,570,933,1]}]}