{"images":[{"filename":"[04]_[Side]_[Screen01]_[Ama01] 181.jpg","width":1080,"height":1920}],"annotations":[{"attributes":[],"class":"keypoint_club","points":[374,880,1,390,674,2,350,644,2]},{"box":[342,816,217,738],"attributes":[],"class":"0"},{"box":[459,815,84,91],"attributes":[],"class":"1"},{"box":[365,851,33,32],"attributes":[],"class":"2"},{"box":[357,866,42,34],"attributes":[],"class":"2"},{"box":[378,1449,118,49],"attributes":[],"class":"3"},{"box":[379,1463,117,90],"attributes":[],"class":"3"},{"box":[342,629,60,47],"attributes":[],"class":"6"},{"attributes":[],"class":"0","points":[517,891,1,504,875,1,527,885,1]}]}