{"images":[{"filename":"[04]_[Side]_[Screen01]_[Ama01] 125.jpg","width":1080,"height":1920}],"annotations":[{"attributes":[],"class":"keypoint_club","points":[423,932,2,0,0,0,0,0,0]},{"box":[331,854,269,695],"attributes":[],"class":"0"},{"box":[489,857,104,118],"attributes":[],"class":"1"},{"box":[411,900,40,43],"attributes":[],"class":"2"},{"box":[399,885,25,35],"attributes":[],"class":"2"},{"box":[355,1485,142,63],"attributes":[],"class":"3"},{"box":[433,1456,66,36],"attributes":[],"class":"3"},{"box":[808,1487,21,22],"attributes":[],"class":"5"},{"attributes":[],"class":"0","points":[568,950,2,575,940,1,569,937,2]}]}