{"images":[{"filename":"[04]_[Side]_[Screen01]_[Ama01] 189.jpg","width":1080,"height":1920}],"annotations":[{"attributes":[],"class":"keypoint_club","points":[369,874,1,590,926,2,560,880,2]},{"box":[336,770,228,782],"attributes":[],"class":"0"},{"box":[553,874,56,53],"attributes":[],"class":"6"},{"box":[354,852,52,41],"attributes":[],"class":"2"},{"box":[375,1472,120,77],"attributes":[],"class":"3"},{"box":[412,1452,83,28],"attributes":[],"class":"3"},{"box":[456,777,97,94],"attributes":[],"class":"1"},{"attributes":[],"class":"0","points":[499,868,1,514,861,1,487,858,1]}]}