{"images":[{"filename":"[04]_[Side]_[Screen01]_[Ama01] 137.jpg","width":1080,"height":1920}],"annotations":[{"attributes":[],"class":"keypoint_club","points":[542,1102,1,281,658,2,317,756,2]},{"box":[333,859,265,696],"attributes":[],"class":"0"},{"box":[480,859,118,117],"attributes":[],"class":"1"},{"box":[501,1057,40,48],"attributes":[],"class":"2"},{"box":[530,1064,37,51],"attributes":[],"class":"2"},{"box":[349,1492,147,63],"attributes":[],"class":"3"},{"box":[429,1465,69,28],"attributes":[],"class":"3"},{"box":[809,1487,20,22],"attributes":[],"class":"5"},{"box":[252,654,84,114],"attributes":[],"class":"6"},{"attributes":[],"class":"0","points":[563,950,2,562,935,2,560,936,1]}]}