{"images":[{"filename":"[04]_[Side]_[Screen01]_[Ama01] 145.jpg","width":1080,"height":1920}],"annotations":[{"attributes":[],"class":"keypoint_club","points":[545,1148,1,853,1506,2,812,1514,2]},{"box":[483,846,119,114],"attributes":[],"class":"1"},{"box":[544,1155,35,37],"attributes":[],"class":"2"},{"box":[426,1449,70,43],"attributes":[],"class":"3"},{"box":[355,1486,139,65],"attributes":[],"class":"3"},{"box":[810,1488,17,18],"attributes":[],"class":"5"},{"box":[341,846,264,704],"attributes":[],"class":"0"},{"attributes":[],"class":"0","points":[558,947,2,566,931,1,559,931,2]}]}