{"images":[{"filename":"[04]_[Side]_[Screen01]_[Ama01] 225.jpg","width":1080,"height":1920}],"annotations":[{"attributes":[],"class":"keypoint_club","points":[402,875,1,761,870,2,754,845,2]},{"box":[324,799,234,754],"attributes":[],"class":"0"},{"box":[746,841,37,55],"attributes":[],"class":"6"},{"box":[443,803,95,92],"attributes":[],"class":"1"},{"box":[350,857,34,39],"attributes":[],"class":"2"},{"box":[382,855,34,36],"attributes":[],"class":"2"},{"box":[388,1457,106,97],"attributes":[],"class":"3"},{"box":[380,1456,113,33],"attributes":[],"class":"3"},{"attributes":[],"class":"0","points":[487,876,1,483,856,1,501,857,1]}]}