{"images":[{"filename":"[04]_[Side]_[Screen01]_[Ama01] 177.jpg","width":1080,"height":1920}],"annotations":[{"attributes":[],"class":"keypoint_club","points":[385,899,1,268,537,2,263,559,2]},{"box":[342,815,226,744],"attributes":[],"class":"0"},{"box":[465,816,102,108],"attributes":[],"class":"1"},{"box":[366,856,35,37],"attributes":[],"class":"2"},{"box":[360,882,38,29],"attributes":[],"class":"2"},{"box":[242,532,48,33],"attributes":[],"class":"6"},{"box":[380,1451,113,34],"attributes":[],"class":"3"},{"box":[373,1468,122,88],"attributes":[],"class":"3"},{"attributes":[],"class":"0","points":[529,898,1,520,884,1,541,893,1]}]}