{"images":[{"filename":"[04]_[Side]_[Screen01]_[Ama01] 129.jpg","width":1080,"height":1920}],"annotations":[{"attributes":[],"class":"keypoint_club","points":[0,0,0,0,0,0,0,0,0]},{"box":[331,865,265,689],"attributes":[],"class":"0"},{"box":[489,864,104,108],"attributes":[],"class":"1"},{"box":[312,683,37,44],"attributes":[],"class":"6"},{"box":[352,1489,144,62],"attributes":[],"class":"3"},{"box":[419,1452,80,42],"attributes":[],"class":"3"},{"box":[415,912,30,52],"attributes":[],"class":"2"},{"box":[439,930,46,57],"attributes":[],"class":"2"},{"box":[809,1487,19,20],"attributes":[],"class":"5"},{"attributes":[],"class":"0","points":[568,950,2,575,940,1,569,937,2]}]}