{"images":[{"filename":"[04]_[Side]_[Screen01]_[Ama01] 009.jpg","width":1080,"height":1920}],"annotations":[{"attributes":[],"class":"keypoint_club","points":[0,0,0,852,1496,2,821,1508,2]},{"box":[310,848,279,709],"attributes":[],"class":"0"},{"box":[495,852,88,118],"attributes":[],"class":"1"},{"box":[809,1485,23,24],"attributes":[],"class":"5"},{"box":[813,1490,48,32],"attributes":[],"class":"6"},{"box":[501,1172,48,54],"attributes":[],"class":"2"},{"box":[486,1160,45,39],"attributes":[],"class":"2"},{"box":[421,1454,78,41],"attributes":[],"class":"3"},{"box":[352,1486,146,67],"attributes":[],"class":"3"},{"attributes":[],"class":"0","points":[559,950,2,557,929,1,555,936,2]}]}