{"images":[{"filename":"[04]_[Side]_[Screen01]_[Ama01] 201.jpg","width":1080,"height":1920}],"annotations":[{"attributes":[],"class":"keypoint_club","points":[381,880,1,715,1034,2,708,997,2]},{"box":[332,815,210,738],"attributes":[],"class":"0"},{"box":[381,858,34,35],"attributes":[],"class":"2"},{"box":[351,858,30,35],"attributes":[],"class":"2"},{"box":[697,990,37,49],"attributes":[],"class":"6"},{"box":[385,1468,110,86],"attributes":[],"class":"3"},{"box":[375,1449,118,36],"attributes":[],"class":"3"},{"box":[455,817,77,73],"attributes":[],"class":"1"},{"attributes":[],"class":"0","points":[492,877,1,486,859,1,504,862,1]}]}