{"images":[{"filename":"[04]_[Side]_[Screen01]_[Ama01] 041.jpg","width":1080,"height":1920}],"annotations":[{"attributes":[],"class":"keypoint_club","points":[503,1141,1,747,1372,2,701,1379,2]},{"box":[314,853,279,700],"attributes":[],"class":"0"},{"box":[489,853,104,124],"attributes":[],"class":"1"},{"box":[488,1127,45,53],"attributes":[],"class":"2"},{"box":[689,1336,64,59],"attributes":[],"class":"6"},{"box":[809,1488,19,21],"attributes":[],"class":"5"},{"box":[351,1494,147,59],"attributes":[],"class":"3"},{"box":[430,1457,68,35],"attributes":[],"class":"3"},{"attributes":[],"class":"0","points":[559,956,2,560,942,2,552,943,1]}]}