{"images":[{"filename":"[04]_[Side]_[Screen01]_[Ama01] 029.jpg","width":1080,"height":1920}],"annotations":[{"attributes":[],"class":"keypoint_club","points":[506,1164,1,888,1529,2,845,1547,2]},{"box":[808,1486,21,22],"attributes":[],"class":"5"},{"box":[840,1521,55,34],"attributes":[],"class":"6"},{"box":[506,1166,44,49],"attributes":[],"class":"2"},{"box":[355,1488,142,65],"attributes":[],"class":"3"},{"box":[428,1449,69,41],"attributes":[],"class":"3"},{"box":[486,862,95,111],"attributes":[],"class":"1"},{"box":[309,861,273,691],"attributes":[],"class":"0"},{"attributes":[],"class":"0","points":[558,953,2,551,940,1,555,936,2]}]}