{"images":[{"filename":"[04]_[Side]_[Screen01]_[Ama01] 157.jpg","width":1080,"height":1920}],"annotations":[{"attributes":[],"class":"keypoint_club","points":[492,1060,1,0,0,0,0,0,0]},{"box":[350,831,251,726],"attributes":[],"class":"0"},{"box":[504,837,92,112],"attributes":[],"class":"1"},{"box":[627,1259,8,10],"attributes":[],"class":"5"},{"box":[413,1448,85,42],"attributes":[],"class":"3"},{"box":[354,1484,147,70],"attributes":[],"class":"3"},{"attributes":[],"class":"0","points":[562,934,2,564,923,1,564,922,2]}]}