{"images":[{"filename":"[04]_[Side]_[Screen01]_[Ama01] 037.jpg","width":1080,"height":1920}],"annotations":[{"attributes":[],"class":"keypoint_club","points":[515,1161,1,833,1463,2,794,1487,2]},{"box":[788,1452,55,45],"attributes":[],"class":"6"},{"box":[810,1490,18,18],"attributes":[],"class":"5"},{"box":[310,860,298,690],"attributes":[],"class":"0"},{"box":[352,1485,147,64],"attributes":[],"class":"3"},{"box":[424,1455,75,36],"attributes":[],"class":"3"},{"box":[500,1145,39,52],"attributes":[],"class":"2"},{"box":[516,1141,16,13],"attributes":[],"class":"2"},{"box":[487,860,121,115],"attributes":[],"class":"1"},{"attributes":[],"class":"0","points":[559,959,2,553,938,1,559,941,2]}]}