{"images":[{"filename":"[04]_[Side]_[Screen01]_[Ama01] 193.jpg","width":1080,"height":1920}],"annotations":[{"attributes":[],"class":"keypoint_club","points":[382,870,1,644,991,2,636,956,2]},{"box":[334,816,217,740],"attributes":[],"class":"0"},{"box":[455,817,85,90],"attributes":[],"class":"1"},{"box":[371,855,39,37],"attributes":[],"class":"2"},{"box":[359,856,26,38],"attributes":[],"class":"2"},{"box":[625,946,38,53],"attributes":[],"class":"6"},{"box":[629,1261,5,5],"attributes":[],"class":"5"},{"box":[377,1468,116,89],"attributes":[],"class":"3"},{"box":[463,1459,33,27],"attributes":[],"class":"3"},{"attributes":[],"class":"0","points":[492,877,1,486,859,1,504,862,1]}]}