{"images":[{"filename":"[04]_[Side]_[Screen01]_[Ama01] 033.jpg","width":1080,"height":1920}],"annotations":[{"attributes":[],"class":"keypoint_club","points":[507,1164,1,880,1514,2,833,1536,2]},{"box":[308,852,281,699],"attributes":[],"class":"0"},{"box":[500,866,88,104],"attributes":[],"class":"1"},{"box":[495,1156,50,48],"attributes":[],"class":"2"},{"box":[519,1148,18,15],"attributes":[],"class":"2"},{"box":[358,1485,139,66],"attributes":[],"class":"3"},{"box":[423,1447,79,50],"attributes":[],"class":"3"},{"box":[826,1507,63,37],"attributes":[],"class":"6"},{"box":[808,1488,21,18],"attributes":[],"class":"5"},{"attributes":[],"class":"0","points":[558,953,2,551,940,1,555,936,2]}]}