{"images":[{"filename":"[04]_[Side]_[Screen01]_[Ama01] 105.jpg","width":1080,"height":1920}],"annotations":[{"attributes":[],"class":"keypoint_club","points":[393,858,2,562,1075,2,566,1054,2]},{"box":[324,842,276,712],"attributes":[],"class":"0"},{"box":[484,845,118,116],"attributes":[],"class":"1"},{"box":[383,846,40,32],"attributes":[],"class":"2"},{"box":[553,1046,25,35],"attributes":[],"class":"6"},{"box":[807,1485,22,24],"attributes":[],"class":"5"},{"box":[426,1455,72,39],"attributes":[],"class":"3"},{"box":[355,1488,139,64],"attributes":[],"class":"3"},{"attributes":[],"class":"0","points":[563,948,2,567,938,1,561,931,2]}]}