{"images":[{"filename":"[04]_[Side]_[Screen01]_[Ama01] 141.jpg","width":1080,"height":1920}],"annotations":[{"attributes":[],"class":"keypoint_club","points":[562,1132,1,739,1352,2,706,1357,2]},{"box":[810,1488,18,21],"attributes":[],"class":"5"},{"box":[352,1489,145,64],"attributes":[],"class":"3"},{"box":[431,1455,67,37],"attributes":[],"class":"3"},{"box":[541,1121,37,38],"attributes":[],"class":"2"},{"box":[548,1111,33,34],"attributes":[],"class":"2"},{"box":[486,853,102,116],"attributes":[],"class":"1"},{"box":[337,853,251,701],"attributes":[],"class":"0"},{"attributes":[],"class":"0","points":[558,947,2,566,931,1,559,931,2]}]}