{"images":[{"filename":"[04]_[Side]_[Screen01]_[Ama01] 097.jpg","width":1080,"height":1920}],"annotations":[{"attributes":[],"class":"keypoint_club","points":[396,855,2,0,0,0,525,1020,1]},{"box":[324,836,266,717],"attributes":[],"class":"0"},{"box":[528,1032,20,15],"attributes":[],"class":"6"},{"box":[489,854,97,101],"attributes":[],"class":"1"},{"box":[383,846,38,29],"attributes":[],"class":"2"},{"box":[356,1490,138,59],"attributes":[],"class":"3"},{"box":[427,1449,73,39],"attributes":[],"class":"3"},{"box":[809,1488,22,22],"attributes":[],"class":"5"},{"attributes":[],"class":"0","points":[563,948,2,567,938,1,561,931,2]}]}