{"images":[{"filename":"[04]_[Side]_[Screen01]_[Ama01] 133.jpg","width":1080,"height":1920}],"annotations":[{"attributes":[],"class":"keypoint_club","points":[518,1054,1,258,603,2,263,632,2]},{"box":[331,858,265,695],"attributes":[],"class":"0"},{"box":[810,1489,18,18],"attributes":[],"class":"5"},{"box":[452,969,40,55],"attributes":[],"class":"2"},{"box":[483,998,41,58],"attributes":[],"class":"2"},{"box":[357,1492,140,61],"attributes":[],"class":"3"},{"box":[426,1459,73,34],"attributes":[],"class":"3"},{"box":[229,611,36,20],"attributes":[],"class":"6"},{"box":[494,860,100,113],"attributes":[],"class":"1"},{"attributes":[],"class":"0","points":[568,950,2,575,940,1,569,937,2]}]}