{"images":[{"filename":"[04]_[Side]_[Screen01]_[Ama01] 013.jpg","width":1080,"height":1920}],"annotations":[{"attributes":[],"class":"keypoint_club","points":[501,1175,1,857,1500,2,828,1515,2]},{"box":[312,854,276,693],"attributes":[],"class":"0"},{"box":[503,1173,48,47],"attributes":[],"class":"2"},{"box":[490,859,99,108],"attributes":[],"class":"1"},{"box":[357,1488,138,60],"attributes":[],"class":"3"},{"box":[418,1449,80,46],"attributes":[],"class":"3"},{"box":[817,1483,52,43],"attributes":[],"class":"6"},{"box":[808,1486,21,20],"attributes":[],"class":"5"},{"attributes":[],"class":"0","points":[559,950,2,557,929,1,555,936,2]}]}