{"images":[{"filename":"[04]_[Side]_[Screen01]_[Ama01] 197.jpg","width":1080,"height":1920}],"annotations":[{"attributes":[],"class":"keypoint_club","points":[391,876,1,689,1027,2,676,993,2]},{"box":[334,807,216,751],"attributes":[],"class":"0"},{"box":[672,984,39,51],"attributes":[],"class":"6"},{"box":[380,854,35,41],"attributes":[],"class":"2"},{"box":[358,857,30,36],"attributes":[],"class":"2"},{"box":[459,807,91,95],"attributes":[],"class":"1"},{"box":[379,1469,116,87],"attributes":[],"class":"3"},{"box":[378,1455,120,38],"attributes":[],"class":"3"},{"attributes":[],"class":"0","points":[492,877,1,486,859,1,504,862,1]}]}