{"images":[{"filename":"[04]_[Side]_[Screen01]_[Ama01] 077.jpg","width":1080,"height":1920}],"annotations":[{"attributes":[],"class":"keypoint_club","points":[408,919,2,0,0,0,0,0,0]},{"box":[810,1489,18,18],"attributes":[],"class":"5"},{"box":[373,866,33,42],"attributes":[],"class":"2"},{"box":[388,872,42,49],"attributes":[],"class":"2"},{"box":[355,1487,141,64],"attributes":[],"class":"3"},{"box":[426,1458,69,36],"attributes":[],"class":"3"},{"box":[323,861,268,690],"attributes":[],"class":"0"},{"box":[483,864,102,105],"attributes":[],"class":"1"},{"box":[295,710,18,33],"attributes":[],"class":"6"},{"attributes":[],"class":"0","points":[565,955,2,567,936,2,567,936,1]}]}