{"images":[{"filename":"[04]_[Side]_[Screen01]_[Ama01] 121.jpg","width":1080,"height":1920}],"annotations":[{"attributes":[],"class":"keypoint_club","points":[400,904,2,547,983,1,531,954,1]},{"box":[327,856,264,701],"attributes":[],"class":"0"},{"box":[486,853,103,113],"attributes":[],"class":"1"},{"box":[389,868,50,42],"attributes":[],"class":"2"},{"box":[350,1491,159,58],"attributes":[],"class":"3"},{"box":[398,1455,103,30],"attributes":[],"class":"3"},{"box":[809,1488,20,23],"attributes":[],"class":"5"},{"attributes":[],"class":"0","points":[568,950,2,575,940,1,569,934,2]}]}