{"images":[{"filename":"[04]_[Side]_[Screen01]_[Ama01] 069.jpg","width":1080,"height":1920}],"annotations":[{"attributes":[],"class":"keypoint_club","points":[434,972,2,192,582,2,190,600,2]},{"box":[320,858,283,693],"attributes":[],"class":"0"},{"box":[495,862,98,117],"attributes":[],"class":"1"},{"box":[164,579,34,34],"attributes":[],"class":"6"},{"box":[810,1487,17,19],"attributes":[],"class":"5"},{"box":[408,922,44,49],"attributes":[],"class":"2"},{"box":[370,891,48,60],"attributes":[],"class":"2"},{"box":[355,1489,145,64],"attributes":[],"class":"3"},{"box":[384,1435,113,58],"attributes":[],"class":"3"},{"attributes":[],"class":"0","points":[565,959,2,559,937,1,562,945,2]}]}