{"images":[{"filename":"[04]_[Side]_[Screen01]_[Ama01] 053.jpg","width":1080,"height":1920}],"annotations":[{"attributes":[],"class":"keypoint_club","points":[483,1086,1,255,748,2,284,834,2]},{"box":[315,868,288,688],"attributes":[],"class":"0"},{"box":[217,736,81,107],"attributes":[],"class":"6"},{"box":[446,1044,38,49],"attributes":[],"class":"2"},{"box":[467,1059,39,43],"attributes":[],"class":"2"},{"box":[355,1492,142,60],"attributes":[],"class":"3"},{"box":[430,1454,69,38],"attributes":[],"class":"3"},{"box":[490,868,113,111],"attributes":[],"class":"1"},{"box":[809,1488,18,19],"attributes":[],"class":"5"},{"attributes":[],"class":"0","points":[565,959,2,559,937,1,562,945,2]}]}