{"images":[{"filename":"[04]_[Side]_[Screen01]_[Ama01] 209.jpg","width":1080,"height":1920}],"annotations":[{"attributes":[],"class":"keypoint_club","points":[391,878,1,752,999,2,744,967,2]},{"box":[332,797,218,758],"attributes":[],"class":"0"},{"box":[449,805,88,92],"attributes":[],"class":"1"},{"box":[357,860,34,42],"attributes":[],"class":"2"},{"box":[386,860,32,42],"attributes":[],"class":"2"},{"box":[378,1452,117,46],"attributes":[],"class":"3"},{"box":[380,1464,114,89],"attributes":[],"class":"3"},{"box":[737,963,32,47],"attributes":[],"class":"6"},{"attributes":[],"class":"0","points":[487,876,1,483,856,1,501,857,1]}]}