{"images":[{"filename":"[10]_[Side]_[Screen01]_[Ama01] 029.jpg","width":1080,"height":1920}],"annotations":[{"attributes":[],"class":"keypoint_club","points":[687,1181,2,862,1514,2,820,1518,2]},{"box":[514,893,303,648],"attributes":[],"class":"0"},{"box":[715,894,102,108],"attributes":[],"class":"1"},{"box":[688,1192,44,51],"attributes":[],"class":"2"},{"box":[818,1511,52,16],"attributes":[],"class":"6"},{"box":[806,1488,17,17],"attributes":[],"class":"5"},{"box":[593,1484,133,46],"attributes":[],"class":"3"},{"box":[581,1464,127,33],"attributes":[],"class":"3"},{"attributes":[],"class":"0","points":[763,984,2,771,977,2,764,975,1]}]}