{"images":[{"filename":"[10]_[Side]_[Screen01]_[Ama01] 177.jpg","width":1080,"height":1920}],"annotations":[{"attributes":[],"class":"keypoint_club","points":[693,1183,1,773,1414,2,749,1416,2]},{"box":[531,881,282,656],"attributes":[],"class":"0"},{"box":[719,878,97,103],"attributes":[],"class":"1"},{"box":[741,1405,38,18],"attributes":[],"class":"6"},{"box":[736,1425,15,14],"attributes":[],"class":"5"},{"box":[676,1183,36,35],"attributes":[],"class":"2"},{"box":[594,1471,134,61],"attributes":[],"class":"3"},{"box":[586,1465,119,32],"attributes":[],"class":"3"},{"attributes":[],"class":"0","points":[756,978,2,764,969,2,758,966,1]}]}