{"images":[{"filename":"[10]_[Side]_[Screen01]_[Ama01] 157.jpg","width":1080,"height":1920}],"annotations":[{"attributes":[],"class":"keypoint_club","points":[697,1181,1,821,1484,2,796,1484,2]},{"box":[528,891,285,638],"attributes":[],"class":"0"},{"box":[714,891,99,101],"attributes":[],"class":"1"},{"box":[685,1190,44,46],"attributes":[],"class":"2"},{"box":[678,1165,15,27],"attributes":[],"class":"2"},{"box":[783,1475,42,19],"attributes":[],"class":"6"},{"box":[788,1469,15,13],"attributes":[],"class":"5"},{"box":[585,1466,120,31],"attributes":[],"class":"3"},{"box":[588,1476,137,57],"attributes":[],"class":"3"},{"attributes":[],"class":"0","points":[759,984,2,766,976,2,759,974,1]}]}