{"images":[{"filename":"[10]_[Side]_[Screen01]_[Ama01] 213.jpg","width":1080,"height":1920}],"annotations":[{"attributes":[],"class":"keypoint_club","points":[684,1182,1,749,1359,2,723,1366,2]},{"box":[528,888,276,649],"attributes":[],"class":"0"},{"box":[718,1354,31,19],"attributes":[],"class":"6"},{"box":[589,1474,139,56],"attributes":[],"class":"3"},{"box":[589,1464,116,29],"attributes":[],"class":"3"},{"box":[702,886,99,94],"attributes":[],"class":"1"},{"box":[673,1171,22,31],"attributes":[],"class":"2"},{"attributes":[],"class":"0","points":[750,972,2,759,962,2,754,964,1]}]}