{"images":[{"filename":"[10]_[Side]_[Screen01]_[Ama01] 009.jpg","width":1080,"height":1920}],"annotations":[{"attributes":[],"class":"keypoint_club","points":[683,1184,2,847,1507,2,810,1507,2]},{"box":[805,1501,52,18],"attributes":[],"class":"6"},{"box":[810,1488,17,15],"attributes":[],"class":"5"},{"box":[589,1475,137,60],"attributes":[],"class":"3"},{"box":[585,1462,121,39],"attributes":[],"class":"3"},{"box":[687,1193,44,52],"attributes":[],"class":"2"},{"box":[708,899,106,104],"attributes":[],"class":"1"},{"box":[523,894,292,640],"attributes":[],"class":"0"},{"attributes":[],"class":"0","points":[763,984,2,771,977,2,764,975,1]}]}