{"images":[{"filename":"[10]_[Side]_[Screen01]_[Ama01] 021.jpg","width":1080,"height":1920}],"annotations":[{"attributes":[],"class":"keypoint_club","points":[685,1181,2,856,1514,2,816,1513,2]},{"box":[519,888,302,647],"attributes":[],"class":"0"},{"box":[710,893,105,109],"attributes":[],"class":"1"},{"box":[807,1486,22,23],"attributes":[],"class":"5"},{"box":[807,1506,57,21],"attributes":[],"class":"6"},{"box":[689,1184,47,62],"attributes":[],"class":"2"},{"box":[583,1468,123,30],"attributes":[],"class":"3"},{"box":[589,1484,142,50],"attributes":[],"class":"3"},{"attributes":[],"class":"0","points":[763,984,2,771,977,2,764,975,1]}]}