{"images":[{"filename":"[10]_[Side]_[Screen01]_[Ama01] 129.jpg","width":1080,"height":1920}],"annotations":[{"attributes":[],"class":"keypoint_club","points":[704,1176,1,881,1511,2,836,1509,2]},{"box":[523,896,291,638],"attributes":[],"class":"0"},{"box":[714,897,96,100],"attributes":[],"class":"1"},{"box":[699,1187,42,47],"attributes":[],"class":"2"},{"box":[593,1474,135,60],"attributes":[],"class":"3"},{"box":[662,1468,44,30],"attributes":[],"class":"3"},{"box":[808,1489,19,20],"attributes":[],"class":"5"},{"box":[827,1507,61,16],"attributes":[],"class":"6"},{"attributes":[],"class":"0","points":[764,988,2,766,976,2,759,974,1]}]}