{"images":[{"filename":"[10]_[Side]_[Screen01]_[Ama01] 061.jpg","width":1080,"height":1920}],"annotations":[{"attributes":[],"class":"keypoint_club","points":[0,0,0,890,1504,2,842,1504,2]},{"box":[522,896,293,637],"attributes":[],"class":"0"},{"box":[808,1488,19,20],"attributes":[],"class":"5"},{"box":[833,1500,63,15],"attributes":[],"class":"6"},{"box":[584,1462,122,35],"attributes":[],"class":"3"},{"box":[590,1482,137,50],"attributes":[],"class":"3"},{"box":[697,1174,42,55],"attributes":[],"class":"2"},{"box":[687,1161,15,27],"attributes":[],"class":"2"},{"box":[716,896,99,105],"attributes":[],"class":"1"},{"attributes":[],"class":"0","points":[756,987,2,765,975,2,759,975,1]}]}