{"images":[{"filename":"[10]_[Side]_[Screen01]_[Ama01] 053.jpg","width":1080,"height":1920}],"annotations":[{"attributes":[],"class":"keypoint_club","points":[0,0,0,886,1511,2,838,1513,2]},{"box":[833,1504,58,20],"attributes":[],"class":"6"},{"box":[807,1489,19,21],"attributes":[],"class":"5"},{"box":[587,1483,142,52],"attributes":[],"class":"3"},{"box":[587,1460,120,36],"attributes":[],"class":"3"},{"box":[696,1183,43,50],"attributes":[],"class":"2"},{"box":[710,891,102,108],"attributes":[],"class":"1"},{"box":[521,893,295,638],"attributes":[],"class":"0"},{"attributes":[],"class":"0","points":[758,989,2,765,975,2,759,975,1]}]}