{"images":[{"filename":"[10]_[Side]_[Screen01]_[Ama01] 201.jpg","width":1080,"height":1920}],"annotations":[{"attributes":[],"class":"keypoint_club","points":[684,1182,1,755,1370,2,731,1375,2]},{"box":[527,876,275,657],"attributes":[],"class":"0"},{"box":[661,1165,41,45],"attributes":[],"class":"2"},{"box":[724,1363,37,17],"attributes":[],"class":"6"},{"box":[588,1467,142,64],"attributes":[],"class":"3"},{"box":[707,879,93,107],"attributes":[],"class":"1"},{"box":[587,1457,114,37],"attributes":[],"class":"3"},{"box":[702,1393,13,15],"attributes":[],"class":"5"},{"attributes":[],"class":"0","points":[753,973,2,764,969,2,758,966,1]}]}