{"images":[{"filename":"[10]_[Side]_[Screen01]_[Ama01] 113.jpg","width":1080,"height":1920}],"annotations":[{"attributes":[],"class":"keypoint_club","points":[704,1176,1,894,1505,2,844,1502,2]},{"box":[526,893,293,641],"attributes":[],"class":"0"},{"box":[715,893,102,108],"attributes":[],"class":"1"},{"box":[837,1498,60,18],"attributes":[],"class":"6"},{"box":[809,1488,15,22],"attributes":[],"class":"5"},{"box":[653,1464,52,32],"attributes":[],"class":"3"},{"box":[591,1481,135,54],"attributes":[],"class":"3"},{"box":[697,1175,45,53],"attributes":[],"class":"2"},{"attributes":[],"class":"0","points":[764,988,2,766,976,2,759,974,1]}]}