{"images":[{"filename":"[10]_[Side]_[Screen01]_[Ama01] 161.jpg","width":1080,"height":1920}],"annotations":[{"attributes":[],"class":"keypoint_club","points":[697,1181,1,812,1472,2,780,1468,2]},{"box":[525,889,287,644],"attributes":[],"class":"0"},{"box":[771,1457,18,11],"attributes":[],"class":"5"},{"box":[772,1464,45,17],"attributes":[],"class":"6"},{"box":[583,1461,124,36],"attributes":[],"class":"3"},{"box":[591,1480,138,53],"attributes":[],"class":"3"},{"box":[683,1188,40,47],"attributes":[],"class":"2"},{"box":[675,1160,17,35],"attributes":[],"class":"2"},{"box":[716,890,96,102],"attributes":[],"class":"1"},{"attributes":[],"class":"0","points":[759,984,2,766,976,2,759,974,1]}]}