{"images":[{"filename":"[10]_[Side]_[Screen01]_[Ama01] 205.jpg","width":1080,"height":1920}],"annotations":[{"attributes":[],"class":"keypoint_club","points":[684,1182,1,753,1367,2,731,1373,2]},{"box":[527,881,273,652],"attributes":[],"class":"0"},{"box":[724,1359,33,18],"attributes":[],"class":"6"},{"box":[698,1389,13,14],"attributes":[],"class":"5"},{"box":[674,1172,23,28],"attributes":[],"class":"2"},{"box":[590,1475,137,58],"attributes":[],"class":"3"},{"box":[584,1459,122,40],"attributes":[],"class":"3"},{"box":[702,882,98,102],"attributes":[],"class":"1"},{"attributes":[],"class":"0","points":[751,973,2,759,962,2,754,964,1]}]}