{"images":[{"filename":"[10]_[Side]_[Screen01]_[Ama01] 093.jpg","width":1080,"height":1920}],"annotations":[{"attributes":[],"class":"keypoint_club","points":[704,1176,1,895,1492,2,852,1491,2]},{"box":[518,898,302,634],"attributes":[],"class":"0"},{"box":[717,897,102,106],"attributes":[],"class":"1"},{"box":[695,1170,44,51],"attributes":[],"class":"2"},{"box":[591,1479,135,54],"attributes":[],"class":"3"},{"box":[581,1449,128,49],"attributes":[],"class":"3"},{"box":[805,1489,22,22],"attributes":[],"class":"5"},{"box":[838,1488,61,17],"attributes":[],"class":"6"},{"attributes":[],"class":"0","points":[756,987,2,765,975,2,759,975,1]}]}