{"images":[{"filename":"[10]_[Side]_[Screen01]_[Ama01] 209.jpg","width":1080,"height":1920}],"annotations":[{"attributes":[],"class":"keypoint_club","points":[684,1182,1,751,1363,2,728,1369,2]},{"box":[720,1357,35,18],"attributes":[],"class":"6"},{"box":[584,1457,122,41],"attributes":[],"class":"3"},{"box":[589,1482,138,51],"attributes":[],"class":"3"},{"box":[669,1173,29,33],"attributes":[],"class":"2"},{"box":[703,879,99,105],"attributes":[],"class":"1"},{"box":[528,881,273,651],"attributes":[],"class":"0"},{"attributes":[],"class":"0","points":[751,973,2,759,962,2,754,964,1]}]}