{"images":[{"filename":"[10]_[Side]_[Screen01]_[Ama01] 081.jpg","width":1080,"height":1920}],"annotations":[{"attributes":[],"class":"keypoint_club","points":[704,1176,1,897,1490,2,855,1489,2]},{"box":[836,1487,66,17],"attributes":[],"class":"6"},{"box":[808,1488,18,20],"attributes":[],"class":"5"},{"box":[590,1482,136,51],"attributes":[],"class":"3"},{"box":[584,1466,121,32],"attributes":[],"class":"3"},{"box":[696,1169,44,50],"attributes":[],"class":"2"},{"box":[707,893,107,108],"attributes":[],"class":"1"},{"box":[522,890,296,640],"attributes":[],"class":"0"},{"attributes":[],"class":"0","points":[756,987,2,765,975,2,759,975,1]}]}