{"images":[{"filename":"[10]_[Side]_[Screen01]_[Ama01] 185.jpg","width":1080,"height":1920}],"annotations":[{"attributes":[],"class":"keypoint_club","points":[693,1183,1,764,1392,2,738,1397,2]},{"box":[527,881,285,654],"attributes":[],"class":"0"},{"box":[696,882,115,105],"attributes":[],"class":"1"},{"box":[675,1184,33,28],"attributes":[],"class":"2"},{"box":[665,1143,17,37],"attributes":[],"class":"2"},{"box":[733,1384,35,18],"attributes":[],"class":"6"},{"box":[722,1418,13,13],"attributes":[],"class":"5"},{"box":[592,1480,135,53],"attributes":[],"class":"3"},{"box":[658,1468,46,28],"attributes":[],"class":"3"},{"attributes":[],"class":"0","points":[756,978,2,764,969,2,758,966,1]}]}