{"images":[{"filename":"[10]_[Side]_[Screen01]_[Ama01] 173.jpg","width":1080,"height":1920}],"annotations":[{"attributes":[],"class":"keypoint_club","points":[693,1183,1,786,1424,2,754,1427,2]},{"box":[743,1433,15,16],"attributes":[],"class":"5"},{"box":[745,1421,41,17],"attributes":[],"class":"6"},{"box":[674,1178,44,42],"attributes":[],"class":"2"},{"box":[714,882,100,109],"attributes":[],"class":"1"},{"box":[591,1479,137,54],"attributes":[],"class":"3"},{"box":[579,1460,127,39],"attributes":[],"class":"3"},{"box":[526,885,285,646],"attributes":[],"class":"0"},{"attributes":[],"class":"0","points":[759,979,2,764,969,2,758,966,1]}]}