{"images":[{"filename":"[10]_[Side]_[Screen01]_[Ama01] 133.jpg","width":1080,"height":1920}],"annotations":[{"attributes":[],"class":"keypoint_club","points":[704,1176,1,876,1515,2,837,1515,2]},{"box":[523,890,296,635],"attributes":[],"class":"0"},{"box":[714,891,101,108],"attributes":[],"class":"1"},{"box":[689,1179,48,58],"attributes":[],"class":"2"},{"box":[585,1465,143,62],"attributes":[],"class":"3"},{"box":[808,1488,20,22],"attributes":[],"class":"5"},{"box":[825,1505,63,17],"attributes":[],"class":"6"},{"attributes":[],"class":"0","points":[764,988,2,766,976,2,759,974,1]}]}