{"images":[{"filename":"[10]_[Side]_[Screen01]_[Ama01] 085.jpg","width":1080,"height":1920}],"annotations":[{"attributes":[],"class":"keypoint_club","points":[704,1176,1,896,1490,2,851,1489,2]},{"box":[518,889,300,647],"attributes":[],"class":"0"},{"box":[713,887,109,114],"attributes":[],"class":"1"},{"box":[839,1484,62,17],"attributes":[],"class":"6"},{"box":[809,1486,18,23],"attributes":[],"class":"5"},{"box":[695,1164,44,57],"attributes":[],"class":"2"},{"box":[593,1475,134,60],"attributes":[],"class":"3"},{"box":[586,1468,119,30],"attributes":[],"class":"3"},{"attributes":[],"class":"0","points":[756,987,2,765,975,2,759,975,1]}]}