{"images":[{"filename":"[10]_[Side]_[Screen01]_[Ama01] 033.jpg","width":1080,"height":1920}],"annotations":[{"attributes":[],"class":"keypoint_club","points":[690,1183,2,865,1515,2,825,1515,2]},{"box":[719,895,98,108],"attributes":[],"class":"1"},{"box":[691,1190,45,55],"attributes":[],"class":"2"},{"box":[582,1466,123,31],"attributes":[],"class":"3"},{"box":[589,1481,138,53],"attributes":[],"class":"3"},{"box":[808,1487,18,20],"attributes":[],"class":"5"},{"box":[817,1513,56,13],"attributes":[],"class":"6"},{"box":[520,896,298,639],"attributes":[],"class":"0"},{"attributes":[],"class":"0","points":[763,984,2,771,977,2,764,975,1]}]}