{"images":[{"filename":"[10]_[Side]_[Screen01]_[Ama01] 073.jpg","width":1080,"height":1920}],"annotations":[{"attributes":[],"class":"keypoint_club","points":[0,0,0,895,1496,2,844,1496,2]},{"box":[518,892,300,642],"attributes":[],"class":"0"},{"box":[687,1157,11,21],"attributes":[],"class":"2"},{"box":[696,1168,44,54],"attributes":[],"class":"2"},{"box":[834,1491,67,15],"attributes":[],"class":"6"},{"box":[809,1489,19,18],"attributes":[],"class":"5"},{"box":[590,1475,135,57],"attributes":[],"class":"3"},{"box":[582,1462,122,35],"attributes":[],"class":"3"},{"box":[711,893,105,107],"attributes":[],"class":"1"},{"attributes":[],"class":"0","points":[756,987,2,765,975,2,759,975,1]}]}