{"images":[{"filename":"[10]_[Side]_[Screen01]_[Ama01] 193.jpg","width":1080,"height":1920}],"annotations":[{"attributes":[],"class":"keypoint_club","points":[682,1179,1,760,1378,2,736,1382,2]},{"box":[526,869,277,673],"attributes":[],"class":"0"},{"box":[705,876,93,107],"attributes":[],"class":"1"},{"box":[726,1371,36,19],"attributes":[],"class":"6"},{"box":[711,1416,10,11],"attributes":[],"class":"5"},{"box":[672,1175,34,32],"attributes":[],"class":"2"},{"box":[592,1476,136,56],"attributes":[],"class":"3"},{"box":[648,1466,57,29],"attributes":[],"class":"3"},{"attributes":[],"class":"0","points":[756,977,2,764,969,2,758,966,1]}]}