{"images":[{"filename":"[10]_[Side]_[Screen01]_[Ama01] 117.jpg","width":1080,"height":1920}],"annotations":[{"attributes":[],"class":"keypoint_club","points":[704,1176,1,892,1508,2,842,1506,2]},{"box":[809,1488,18,21],"attributes":[],"class":"5"},{"box":[834,1502,61,16],"attributes":[],"class":"6"},{"box":[583,1463,122,32],"attributes":[],"class":"3"},{"box":[588,1481,139,52],"attributes":[],"class":"3"},{"box":[695,1178,46,53],"attributes":[],"class":"2"},{"box":[689,1163,12,24],"attributes":[],"class":"2"},{"box":[708,895,108,104],"attributes":[],"class":"1"},{"box":[521,895,295,639],"attributes":[],"class":"0"},{"attributes":[],"class":"0","points":[764,988,2,766,976,2,759,974,1]}]}