{"images":[{"filename":"[10]_[Side]_[Screen01]_[Ama01] 229.jpg","width":1080,"height":1920}],"annotations":[{"attributes":[],"class":"keypoint_club","points":[676,1186,1,738,1359,2,712,1369,2]},{"box":[531,868,265,661],"attributes":[],"class":"0"},{"box":[709,1356,32,16],"attributes":[],"class":"6"},{"box":[589,1478,140,53],"attributes":[],"class":"3"},{"box":[652,1465,51,30],"attributes":[],"class":"3"},{"box":[702,877,83,99],"attributes":[],"class":"1"},{"attributes":[],"class":"0","points":[752,968,1,759,961,1,752,959,1]}]}