{"images":[{"filename":"[10]_[Side]_[Screen01]_[Ama01] 025.jpg","width":1080,"height":1920}],"annotations":[{"attributes":[],"class":"keypoint_club","points":[689,1184,2,858,1516,2,816,1516,2]},{"box":[522,894,290,637],"attributes":[],"class":"0"},{"box":[717,893,96,108],"attributes":[],"class":"1"},{"box":[690,1192,45,49],"attributes":[],"class":"2"},{"box":[589,1476,141,56],"attributes":[],"class":"3"},{"box":[581,1465,127,33],"attributes":[],"class":"3"},{"box":[806,1489,22,19],"attributes":[],"class":"5"},{"box":[814,1510,51,19],"attributes":[],"class":"6"},{"attributes":[],"class":"0","points":[763,984,2,771,977,2,764,975,1]}]}