{"images":[{"filename":"[10]_[Side]_[Screen01]_[Ama01] 149.jpg","width":1080,"height":1920}],"annotations":[{"attributes":[],"class":"keypoint_club","points":[697,1181,1,847,1506,2,816,1509,2]},{"box":[523,892,294,641],"attributes":[],"class":"0"},{"box":[810,1488,15,15],"attributes":[],"class":"5"},{"box":[800,1497,51,20],"attributes":[],"class":"6"},{"box":[576,1469,130,37],"attributes":[],"class":"3"},{"box":[591,1480,138,51],"attributes":[],"class":"3"},{"box":[680,1171,15,27],"attributes":[],"class":"2"},{"box":[690,1196,42,47],"attributes":[],"class":"2"},{"box":[716,893,99,103],"attributes":[],"class":"1"},{"attributes":[],"class":"0","points":[759,984,2,766,976,2,759,974,1]}]}