{"images":[{"filename":"[10]_[Side]_[Screen01]_[Ama01] 041.jpg","width":1080,"height":1920}],"annotations":[{"attributes":[],"class":"keypoint_club","points":[691,1181,2,875,1515,2,830,1518,2]},{"box":[523,897,299,639],"attributes":[],"class":"0"},{"box":[592,1479,137,57],"attributes":[],"class":"3"},{"box":[585,1460,120,38],"attributes":[],"class":"3"},{"box":[819,1509,63,21],"attributes":[],"class":"6"},{"box":[807,1488,20,19],"attributes":[],"class":"5"},{"box":[693,1185,43,55],"attributes":[],"class":"2"},{"box":[709,897,111,100],"attributes":[],"class":"1"},{"attributes":[],"class":"0","points":[758,989,2,765,975,2,759,975,1]}]}