{"images":[{"filename":"[10]_[Side]_[Screen01]_[Ama01] 125.jpg","width":1080,"height":1920}],"annotations":[{"attributes":[],"class":"keypoint_club","points":[704,1176,1,889,1510,2,839,1510,2]},{"box":[522,894,296,639],"attributes":[],"class":"0"},{"box":[715,894,103,106],"attributes":[],"class":"1"},{"box":[696,1183,43,51],"attributes":[],"class":"2"},{"box":[686,1168,13,21],"attributes":[],"class":"2"},{"box":[584,1468,121,28],"attributes":[],"class":"3"},{"box":[590,1480,136,53],"attributes":[],"class":"3"},{"box":[832,1507,58,15],"attributes":[],"class":"6"},{"box":[808,1488,19,19],"attributes":[],"class":"5"},{"attributes":[],"class":"0","points":[764,988,2,766,976,2,759,974,1]}]}