{"images":[{"filename":"[10]_[Side]_[Screen01]_[Ama01] 145.jpg","width":1080,"height":1920}],"annotations":[{"attributes":[],"class":"keypoint_club","points":[687,1180,1,855,1513,2,819,1512,2]},{"box":[808,1488,18,20],"attributes":[],"class":"5"},{"box":[805,1505,56,19],"attributes":[],"class":"6"},{"box":[692,1193,42,50],"attributes":[],"class":"2"},{"box":[715,886,100,112],"attributes":[],"class":"1"},{"box":[586,1480,146,54],"attributes":[],"class":"3"},{"box":[580,1465,126,34],"attributes":[],"class":"3"},{"box":[524,890,290,648],"attributes":[],"class":"0"},{"attributes":[],"class":"0","points":[759,984,2,766,976,2,759,974,1]}]}