{"images":[{"filename":"[10]_[Side]_[Screen01]_[Ama01] 065.jpg","width":1080,"height":1920}],"annotations":[{"attributes":[],"class":"keypoint_club","points":[0,0,0,893,1503,2,844,1503,2]},{"box":[521,898,290,634],"attributes":[],"class":"0"},{"box":[714,895,100,105],"attributes":[],"class":"1"},{"box":[694,1178,51,47],"attributes":[],"class":"2"},{"box":[686,1157,11,24],"attributes":[],"class":"2"},{"box":[836,1495,62,19],"attributes":[],"class":"6"},{"box":[806,1489,22,19],"attributes":[],"class":"5"},{"box":[591,1472,135,60],"attributes":[],"class":"3"},{"box":[581,1466,125,28],"attributes":[],"class":"3"},{"attributes":[],"class":"0","points":[756,987,2,765,975,2,759,975,1]}]}