{"images":[{"filename":"[10]_[Side]_[Screen01]_[Ama01] 237.jpg","width":1080,"height":1920}],"annotations":[{"attributes":[],"class":"keypoint_club","points":[676,1186,1,734,1363,2,710,1370,2]},{"box":[697,877,91,104],"attributes":[],"class":"1"},{"box":[529,875,260,660],"attributes":[],"class":"0"},{"box":[706,1358,35,19],"attributes":[],"class":"6"},{"box":[583,1464,123,29],"attributes":[],"class":"3"},{"box":[589,1478,139,56],"attributes":[],"class":"3"},{"attributes":[],"class":"0","points":[752,968,1,759,961,1,752,959,1]}]}