{"images":[{"filename":"[10]_[Side]_[Screen01]_[Ama01] 197.jpg","width":1080,"height":1920}],"annotations":[{"attributes":[],"class":"keypoint_club","points":[684,1182,1,756,1375,2,733,1379,2]},{"box":[530,880,275,654],"attributes":[],"class":"0"},{"box":[709,881,96,102],"attributes":[],"class":"1"},{"box":[668,1173,34,32],"attributes":[],"class":"2"},{"box":[582,1463,123,34],"attributes":[],"class":"3"},{"box":[588,1478,139,55],"attributes":[],"class":"3"},{"box":[725,1366,36,20],"attributes":[],"class":"6"},{"attributes":[],"class":"0","points":[753,973,2,764,969,2,758,966,1]}]}