{"images":[{"filename":"[10]_[Side]_[Screen01]_[Ama01] 217.jpg","width":1080,"height":1920}],"annotations":[{"attributes":[],"class":"keypoint_club","points":[684,1182,1,746,1358,2,720,1366,2]},{"box":[527,878,278,655],"attributes":[],"class":"0"},{"box":[590,1479,138,53],"attributes":[],"class":"3"},{"box":[583,1462,121,37],"attributes":[],"class":"3"},{"box":[716,1353,34,18],"attributes":[],"class":"6"},{"box":[702,879,101,101],"attributes":[],"class":"1"},{"box":[687,1394,11,12],"attributes":[],"class":"5"},{"attributes":[],"class":"0","points":[752,968,1,759,961,1,752,959,1]}]}