{"images":[{"filename":"[10]_[Side]_[Screen01]_[Ama01] 049.jpg","width":1080,"height":1920}],"annotations":[{"attributes":[],"class":"keypoint_club","points":[691,1178,2,881,1513,2,837,1515,2]},{"box":[520,890,300,638],"attributes":[],"class":"0"},{"box":[590,1483,139,47],"attributes":[],"class":"3"},{"box":[810,1487,19,21],"attributes":[],"class":"5"},{"box":[830,1507,59,17],"attributes":[],"class":"6"},{"box":[694,1181,47,59],"attributes":[],"class":"2"},{"box":[708,893,106,105],"attributes":[],"class":"1"},{"box":[584,1467,122,33],"attributes":[],"class":"3"},{"attributes":[],"class":"0","points":[758,989,2,765,975,2,759,975,1]}]}