{"images":[{"filename":"[10]_[Side]_[Screen01]_[Ama01] 153.jpg","width":1080,"height":1920}],"annotations":[{"attributes":[],"class":"keypoint_club","points":[688,1181,1,834,1494,2,804,1497,2]},{"box":[523,890,296,635],"attributes":[],"class":"0"},{"box":[714,891,101,108],"attributes":[],"class":"1"},{"box":[685,1181,48,58],"attributes":[],"class":"2"},{"box":[796,1477,20,22],"attributes":[],"class":"5"},{"box":[792,1488,49,14],"attributes":[],"class":"6"},{"box":[584,1467,143,63],"attributes":[],"class":"3"},{"box":[583,1464,122,35],"attributes":[],"class":"3"},{"attributes":[],"class":"0","points":[759,984,2,766,976,2,759,974,1]}]}