{"images":[{"filename":"[10]_[Side]_[Screen01]_[Ama01] 045.jpg","width":1080,"height":1920}],"annotations":[{"attributes":[],"class":"keypoint_club","points":[689,1177,2,877,1516,2,835,1516,2]},{"box":[522,896,294,636],"attributes":[],"class":"0"},{"box":[709,896,107,106],"attributes":[],"class":"1"},{"box":[694,1185,44,54],"attributes":[],"class":"2"},{"box":[826,1510,59,16],"attributes":[],"class":"6"},{"box":[808,1488,19,21],"attributes":[],"class":"5"},{"box":[592,1477,135,55],"attributes":[],"class":"3"},{"box":[582,1468,124,29],"attributes":[],"class":"3"},{"attributes":[],"class":"0","points":[758,989,2,765,975,2,759,975,1]}]}