{"images":[{"filename":"[10]_[Side]_[Screen01]_[Ama01] 121.jpg","width":1080,"height":1920}],"annotations":[{"attributes":[],"class":"keypoint_club","points":[707,1169,1,889,1510,2,841,1509,2]},{"box":[519,889,303,649],"attributes":[],"class":"0"},{"box":[721,890,97,110],"attributes":[],"class":"1"},{"box":[699,1180,41,50],"attributes":[],"class":"2"},{"box":[594,1475,134,59],"attributes":[],"class":"3"},{"box":[586,1458,117,39],"attributes":[],"class":"3"},{"box":[806,1488,23,20],"attributes":[],"class":"5"},{"box":[832,1505,59,15],"attributes":[],"class":"6"},{"attributes":[],"class":"0","points":[764,988,2,766,976,2,759,974,1]}]}