{"images":[{"filename":"[10]_[Side]_[Screen01]_[Ama01] 017.jpg","width":1080,"height":1920}],"annotations":[{"attributes":[],"class":"keypoint_club","points":[688,1183,2,852,1512,2,812,1513,2]},{"box":[523,895,290,638],"attributes":[],"class":"0"},{"box":[688,1188,43,60],"attributes":[],"class":"2"},{"box":[808,1506,51,17],"attributes":[],"class":"6"},{"box":[810,1484,19,26],"attributes":[],"class":"5"},{"box":[588,1482,138,50],"attributes":[],"class":"3"},{"box":[714,896,101,98],"attributes":[],"class":"1"},{"box":[582,1465,124,33],"attributes":[],"class":"3"},{"attributes":[],"class":"0","points":[763,984,2,771,977,2,764,975,1]}]}