{"images":[{"filename":"[10]_[Side]_[Screen01]_[Ama01] 189.jpg","width":1080,"height":1920}],"annotations":[{"attributes":[],"class":"keypoint_club","points":[693,1183,1,760,1383,2,738,1389,2]},{"box":[526,879,282,657],"attributes":[],"class":"0"},{"box":[669,1164,38,44],"attributes":[],"class":"2"},{"box":[713,882,95,102],"attributes":[],"class":"1"},{"box":[732,1378,35,17],"attributes":[],"class":"6"},{"box":[588,1477,140,56],"attributes":[],"class":"3"},{"box":[580,1463,124,34],"attributes":[],"class":"3"},{"box":[715,1415,17,18],"attributes":[],"class":"5"},{"attributes":[],"class":"0","points":[756,977,2,764,969,2,758,966,1]}]}