{"images":[{"filename":"[10]_[Side]_[Screen01]_[Ama01] 181.jpg","width":1080,"height":1920}],"annotations":[{"attributes":[],"class":"keypoint_club","points":[693,1183,1,768,1401,2,745,1407,2]},{"box":[525,883,288,652],"attributes":[],"class":"0"},{"box":[734,1396,39,16],"attributes":[],"class":"6"},{"box":[728,1421,14,12],"attributes":[],"class":"5"},{"box":[590,1479,138,54],"attributes":[],"class":"3"},{"box":[583,1466,123,31],"attributes":[],"class":"3"},{"box":[677,1186,34,31],"attributes":[],"class":"2"},{"box":[712,885,99,101],"attributes":[],"class":"1"},{"attributes":[],"class":"0","points":[756,978,2,764,969,2,758,966,1]}]}