{"images":[{"filename":"[10]_[Side]_[Screen01]_[Ama01] 005.jpg","width":1080,"height":1920}],"annotations":[{"attributes":[],"class":"keypoint_club","points":[684,1182,2,848,1506,2,810,1504,2]},{"box":[521,896,294,637],"attributes":[],"class":"0"},{"box":[713,897,102,102],"attributes":[],"class":"1"},{"box":[687,1199,43,51],"attributes":[],"class":"2"},{"box":[802,1500,50,19],"attributes":[],"class":"6"},{"box":[811,1488,15,17],"attributes":[],"class":"5"},{"box":[589,1487,137,45],"attributes":[],"class":"3"},{"box":[583,1462,121,38],"attributes":[],"class":"3"},{"attributes":[],"class":"0","points":[763,984,2,771,977,2,764,975,1]}]}