{"images":[{"filename":"[10]_[Side]_[Screen01]_[Ama01] 165.jpg","width":1080,"height":1920}],"annotations":[{"attributes":[],"class":"keypoint_club","points":[697,1181,1,801,1457,2,767,1454,2]},{"box":[526,883,289,648],"attributes":[],"class":"0"},{"box":[763,1446,42,21],"attributes":[],"class":"6"},{"box":[672,1160,15,27],"attributes":[],"class":"2"},{"box":[680,1186,39,44],"attributes":[],"class":"2"},{"box":[590,1478,137,52],"attributes":[],"class":"3"},{"box":[581,1466,123,37],"attributes":[],"class":"3"},{"box":[710,886,104,104],"attributes":[],"class":"1"},{"attributes":[],"class":"0","points":[759,984,2,766,976,2,759,974,1]}]}