{"images":[{"filename":"[10]_[Side]_[Screen01]_[Ama01] 057.jpg","width":1080,"height":1920}],"annotations":[{"attributes":[],"class":"keypoint_club","points":[0,0,0,886,1508,2,841,1506,2]},{"box":[527,894,295,637],"attributes":[],"class":"0"},{"box":[717,896,100,98],"attributes":[],"class":"1"},{"box":[696,1180,44,47],"attributes":[],"class":"2"},{"box":[808,1488,18,19],"attributes":[],"class":"5"},{"box":[832,1503,61,15],"attributes":[],"class":"6"},{"box":[594,1477,132,51],"attributes":[],"class":"3"},{"box":[586,1461,122,40],"attributes":[],"class":"3"},{"attributes":[],"class":"0","points":[758,989,2,765,975,2,759,975,1]}]}