{"images":[{"filename":"[10]_[Side]_[Screen01]_[Ama01] 077.jpg","width":1080,"height":1920}],"annotations":[{"attributes":[],"class":"keypoint_club","points":[704,1176,1,897,1491,2,854,1491,2]},{"box":[518,887,303,651],"attributes":[],"class":"0"},{"box":[715,892,101,110],"attributes":[],"class":"1"},{"box":[807,1485,22,26],"attributes":[],"class":"5"},{"box":[834,1485,69,23],"attributes":[],"class":"6"},{"box":[695,1162,46,63],"attributes":[],"class":"2"},{"box":[582,1457,127,52],"attributes":[],"class":"3"},{"box":[589,1478,141,57],"attributes":[],"class":"3"},{"attributes":[],"class":"0","points":[756,987,2,765,975,2,759,975,1]}]}