{"images":[{"filename":"[10]_[Side]_[Screen01]_[Ama01] 141.jpg","width":1080,"height":1920}],"annotations":[{"attributes":[],"class":"keypoint_club","points":[688,1180,1,862,1516,2,829,1517,2]},{"box":[523,890,297,643],"attributes":[],"class":"0"},{"box":[713,894,101,108],"attributes":[],"class":"1"},{"box":[695,1186,42,58],"attributes":[],"class":"2"},{"box":[590,1482,137,51],"attributes":[],"class":"3"},{"box":[806,1487,20,22],"attributes":[],"class":"5"},{"box":[805,1505,63,17],"attributes":[],"class":"6"},{"box":[579,1466,129,33],"attributes":[],"class":"3"},{"attributes":[],"class":"0","points":[764,988,2,766,976,2,759,974,1]}]}