{"images":[{"filename":"[10]_[Side]_[Screen01]_[Ama01] 037.jpg","width":1080,"height":1920}],"annotations":[{"attributes":[],"class":"keypoint_club","points":[690,1181,2,873,1516,2,827,1515,2]},{"box":[518,894,298,636],"attributes":[],"class":"0"},{"box":[711,896,103,108],"attributes":[],"class":"1"},{"box":[693,1193,47,47],"attributes":[],"class":"2"},{"box":[822,1508,56,21],"attributes":[],"class":"6"},{"box":[809,1486,24,22],"attributes":[],"class":"5"},{"box":[592,1481,129,49],"attributes":[],"class":"3"},{"box":[578,1469,129,28],"attributes":[],"class":"3"},{"attributes":[],"class":"0","points":[763,984,2,771,977,2,764,975,1]}]}