{"images":[{"filename":"[10]_[Side]_[Screen01]_[Ama01] 109.jpg","width":1080,"height":1920}],"annotations":[{"attributes":[],"class":"keypoint_club","points":[704,1176,1,900,1501,2,844,1502,2]},{"box":[808,1488,18,20],"attributes":[],"class":"5"},{"box":[836,1493,65,21],"attributes":[],"class":"6"},{"box":[592,1484,134,50],"attributes":[],"class":"3"},{"box":[584,1463,121,37],"attributes":[],"class":"3"},{"box":[697,1176,44,50],"attributes":[],"class":"2"},{"box":[715,892,102,106],"attributes":[],"class":"1"},{"box":[521,894,295,642],"attributes":[],"class":"0"},{"attributes":[],"class":"0","points":[764,988,2,766,976,2,759,974,1]}]}