{"images":[{"filename":"[10]_[Side]_[Screen01]_[Ama01] 013.jpg","width":1080,"height":1920}],"annotations":[{"attributes":[],"class":"keypoint_club","points":[685,1183,2,849,1511,2,811,1510,2]},{"box":[525,896,292,637],"attributes":[],"class":"0"},{"box":[716,898,97,102],"attributes":[],"class":"1"},{"box":[690,1198,45,47],"attributes":[],"class":"2"},{"box":[805,1501,51,20],"attributes":[],"class":"6"},{"box":[812,1489,14,12],"attributes":[],"class":"5"},{"box":[588,1473,140,58],"attributes":[],"class":"3"},{"box":[586,1468,123,28],"attributes":[],"class":"3"},{"attributes":[],"class":"0","points":[763,984,2,771,977,2,764,975,1]}]}