{"images":[{"filename":"[10]_[Side]_[Screen01]_[Ama01] 069.jpg","width":1080,"height":1920}],"annotations":[{"attributes":[],"class":"keypoint_club","points":[700,1166,1,893,1498,2,842,1497,2]},{"box":[519,895,298,639],"attributes":[],"class":"0"},{"box":[808,1488,19,19],"attributes":[],"class":"5"},{"box":[834,1494,64,15],"attributes":[],"class":"6"},{"box":[585,1467,121,35],"attributes":[],"class":"3"},{"box":[591,1484,136,47],"attributes":[],"class":"3"},{"box":[689,1159,11,25],"attributes":[],"class":"2"},{"box":[697,1171,42,55],"attributes":[],"class":"2"},{"box":[712,895,103,103],"attributes":[],"class":"1"},{"attributes":[],"class":"0","points":[756,987,2,765,975,2,759,975,1]}]}