{"images":[{"filename":"[10]_[Side]_[Screen01]_[Ama01] 233.jpg","width":1080,"height":1920}],"annotations":[{"attributes":[],"class":"keypoint_club","points":[676,1186,1,736,1361,2,715,1365,2]},{"box":[527,875,267,660],"attributes":[],"class":"0"},{"box":[707,875,79,103],"attributes":[],"class":"1"},{"box":[708,1356,35,18],"attributes":[],"class":"6"},{"box":[674,1176,17,15],"attributes":[],"class":"2"},{"box":[591,1470,135,62],"attributes":[],"class":"3"},{"box":[586,1461,118,34],"attributes":[],"class":"3"},{"attributes":[],"class":"0","points":[752,968,1,759,961,1,752,959,1]}]}