{"images":[{"filename":"[10]_[Side]_[Screen01]_[Ama01] 105.jpg","width":1080,"height":1920}],"annotations":[{"attributes":[],"class":"keypoint_club","points":[707,1165,1,895,1500,2,851,1500,2]},{"box":[521,889,298,643],"attributes":[],"class":"0"},{"box":[809,1488,18,18],"attributes":[],"class":"5"},{"box":[835,1495,64,15],"attributes":[],"class":"6"},{"box":[591,1475,135,56],"attributes":[],"class":"3"},{"box":[584,1458,122,44],"attributes":[],"class":"3"},{"box":[686,1158,12,25],"attributes":[],"class":"2"},{"box":[697,1169,44,55],"attributes":[],"class":"5"},{"box":[708,891,110,108],"attributes":[],"class":"1"},{"attributes":[],"class":"0","points":[756,987,2,765,975,2,759,975,1]}]}