{"images":[{"filename":"[10]_[Side]_[Screen01]_[Ama01] 001.jpg","width":1080,"height":1920}],"annotations":[{"attributes":[],"class":"keypoint_club","points":[688,1183,2,849,1506,2,809,1502,2]},{"box":[525,894,291,637],"attributes":[],"class":"0"},{"box":[677,1172,14,31],"attributes":[],"class":"2"},{"box":[687,1192,43,55],"attributes":[],"class":"2"},{"box":[810,1487,17,16],"attributes":[],"class":"5"},{"box":[803,1500,47,16],"attributes":[],"class":"6"},{"box":[583,1462,122,35],"attributes":[],"class":"3"},{"box":[589,1488,137,43],"attributes":[],"class":"3"},{"box":[708,896,108,108],"attributes":[],"class":"1"},{"attributes":[],"class":"0","points":[763,991,2,771,975,2,765,972,1]}]}