{"images":[{"filename":"[10]_[Side]_[Screen01]_[Ama01] 101.jpg","width":1080,"height":1920}],"annotations":[{"attributes":[],"class":"keypoint_club","points":[704,1176,1,894,1498,2,851,1496,2]},{"box":[720,894,97,111],"attributes":[],"class":"1"},{"box":[697,1167,46,58],"attributes":[],"class":"2"},{"box":[584,1451,123,48],"attributes":[],"class":"3"},{"box":[591,1483,138,53],"attributes":[],"class":"3"},{"box":[837,1492,63,17],"attributes":[],"class":"6"},{"box":[809,1486,19,23],"attributes":[],"class":"5"},{"box":[522,894,298,642],"attributes":[],"class":"0"},{"attributes":[],"class":"0","points":[756,987,2,765,975,2,759,975,1]}]}