{"images":[{"filename":"[10]_[Side]_[Screen01]_[Ama01] 097.jpg","width":1080,"height":1920}],"annotations":[{"attributes":[],"class":"keypoint_club","points":[704,1176,1,896,1494,2,852,1494,2]},{"box":[523,890,296,635],"attributes":[],"class":"0"},{"box":[714,891,101,108],"attributes":[],"class":"1"},{"box":[694,1165,48,58],"attributes":[],"class":"2"},{"box":[585,1465,143,62],"attributes":[],"class":"3"},{"box":[808,1488,20,22],"attributes":[],"class":"5"},{"box":[838,1490,63,17],"attributes":[],"class":"6"},{"box":[579,1459,125,40],"attributes":[],"class":"3"},{"attributes":[],"class":"0","points":[756,987,2,765,975,2,759,975,1]}]}