{"images":[{"filename":"[10]_[Side]_[Screen01]_[Ama01] 089.jpg","width":1080,"height":1920}],"annotations":[{"attributes":[],"class":"keypoint_club","points":[704,1176,1,896,1489,2,850,1489,2]},{"box":[522,896,295,633],"attributes":[],"class":"0"},{"box":[695,1166,47,51],"attributes":[],"class":"2"},{"box":[687,1159,18,23],"attributes":[],"class":"2"},{"box":[837,1484,66,19],"attributes":[],"class":"6"},{"box":[809,1488,19,19],"attributes":[],"class":"5"},{"box":[592,1476,134,56],"attributes":[],"class":"3"},{"box":[586,1467,119,29],"attributes":[],"class":"3"},{"box":[714,903,101,94],"attributes":[],"class":"1"},{"attributes":[],"class":"0","points":[756,987,2,765,975,2,759,975,1]}]}