{"images":[{"filename":"[10]_[Side]_[Screen01]_[Ama01] 169.jpg","width":1080,"height":1920}],"annotations":[{"attributes":[],"class":"keypoint_club","points":[697,1181,1,789,1442,2,760,1441,2]},{"box":[527,891,285,643],"attributes":[],"class":"0"},{"box":[712,892,100,99],"attributes":[],"class":"1"},{"box":[756,1436,10,8],"attributes":[],"class":"5"},{"box":[754,1436,40,17],"attributes":[],"class":"6"},{"box":[586,1465,119,30],"attributes":[],"class":"3"},{"box":[595,1482,131,52],"attributes":[],"class":"3"},{"box":[678,1183,40,44],"attributes":[],"class":"2"},{"attributes":[],"class":"0","points":[759,984,2,766,976,2,759,974,1]}]}