{"images":[{"filename":"[10]_[Side]_[Screen01]_[Ama01] 221.jpg","width":1080,"height":1920}],"annotations":[{"attributes":[],"class":"keypoint_club","points":[676,1186,1,749,1359,2,717,1364,2]},{"box":[529,876,266,656],"attributes":[],"class":"0"},{"box":[716,1353,30,19],"attributes":[],"class":"6"},{"box":[591,1476,135,56],"attributes":[],"class":"3"},{"box":[585,1464,118,34],"attributes":[],"class":"3"},{"box":[699,877,92,99],"attributes":[],"class":"1"},{"attributes":[],"class":"0","points":[752,968,1,759,961,1,752,959,1]}]}