{"images":[{"filename":"[01]_[Side]_[Screen01]_[Ama01] 037.jpg","width":1080,"height":1920}],"annotations":[{"attributes":[],"class":"keypoint_club","points":[532,1165,1,892,1460,2,837,1491,2]},{"box":[341,851,277,694],"attributes":[],"class":"0"},{"box":[501,851,115,127],"attributes":[],"class":"1"},{"box":[520,1145,40,58],"attributes":[],"class":"2"},{"box":[824,1443,79,68],"attributes":[],"class":"6"},{"box":[451,1457,77,36],"attributes":[],"class":"3"},{"box":[379,1493,150,54],"attributes":[],"class":"3"},{"attributes":[],"class":"0","points":[586,958,2,581,945,2,588,950,1]}]}