{"images":[{"filename":"[01]_[Side]_[Screen01]_[Ama01] 045.jpg","width":1080,"height":1920}],"annotations":[{"attributes":[],"class":"keypoint_club","points":[516,1134,1,668,1214,2,637,1262,2]},{"box":[344,874,261,673],"attributes":[],"class":"0"},{"box":[511,872,99,109],"attributes":[],"class":"1"},{"box":[502,1121,33,47],"attributes":[],"class":"2"},{"box":[531,1126,20,41],"attributes":[],"class":"2"},{"box":[384,1480,142,67],"attributes":[],"class":"3"},{"box":[455,1454,70,37],"attributes":[],"class":"3"},{"box":[606,1194,84,86],"attributes":[],"class":"6"},{"box":[852,1465,19,19],"attributes":[],"class":"5"},{"attributes":[],"class":"0","points":[586,958,2,582,946,2,588,950,1]}]}