{"images":[{"filename":"[01]_[Side]_[Screen01]_[Ama01] 105.jpg","width":1080,"height":1920}],"annotations":[{"attributes":[],"class":"keypoint_club","points":[415,868,2,0,0,0,550,1015,1]},{"box":[350,848,264,699],"attributes":[],"class":"0"},{"box":[403,857,40,33],"attributes":[],"class":"2"},{"box":[379,1485,143,62],"attributes":[],"class":"3"},{"box":[450,1452,73,38],"attributes":[],"class":"3"},{"box":[849,1466,22,19],"attributes":[],"class":"5"},{"box":[523,858,82,100],"attributes":[],"class":"1"},{"attributes":[],"class":"0","points":[583,947,2,583,934,2,582,930,1]}]}