{"images":[{"filename":"[01]_[Side]_[Screen01]_[Ama01] 013.jpg","width":1080,"height":1920}],"annotations":[{"attributes":[],"class":"keypoint_club","points":[515,1166,2,912,1486,2,867,1503,2]},{"box":[340,857,271,689],"attributes":[],"class":"0"},{"box":[518,857,93,118],"attributes":[],"class":"1"},{"box":[505,1160,39,48],"attributes":[],"class":"2"},{"box":[533,1179,38,45],"attributes":[],"class":"2"},{"box":[454,1460,72,26],"attributes":[],"class":"3"},{"box":[379,1487,147,59],"attributes":[],"class":"3"},{"box":[849,1465,21,22],"attributes":[],"class":"5"},{"box":[864,1479,58,44],"attributes":[],"class":"6"},{"attributes":[],"class":"0","points":[580,955,2,584,934,2,585,931,1]}]}