{"images":[{"filename":"[01]_[Side]_[Screen01]_[Ama01] 081.jpg","width":1080,"height":1920}],"annotations":[{"attributes":[],"class":"keypoint_club","points":[436,930,2,0,0,0,0,0,0]},{"box":[350,861,262,685],"attributes":[],"class":"0"},{"box":[314,729,41,71],"attributes":[],"class":"6"},{"box":[399,879,24,45],"attributes":[],"class":"2"},{"box":[414,889,41,50],"attributes":[],"class":"2"},{"box":[382,1486,140,59],"attributes":[],"class":"3"},{"box":[448,1457,76,36],"attributes":[],"class":"3"},{"box":[498,866,112,106],"attributes":[],"class":"1"},{"attributes":[],"class":"0","points":[583,956,2,584,936,2,582,930,1]}]}