{"images":[{"filename":"[01]_[Side]_[Screen01]_[Ama01] 193.jpg","width":1080,"height":1920}],"annotations":[{"attributes":[],"class":"keypoint_club","points":[405,883,1,684,1027,2,671,990,2]},{"box":[364,813,204,741],"attributes":[],"class":"0"},{"box":[460,812,94,93],"attributes":[],"class":"1"},{"box":[367,872,40,42],"attributes":[],"class":"2"},{"box":[385,864,38,38],"attributes":[],"class":"2"},{"box":[404,1428,117,64],"attributes":[],"class":"3"},{"box":[425,1449,99,104],"attributes":[],"class":"3"},{"box":[655,980,57,55],"attributes":[],"class":"6"},{"attributes":[],"class":"0","points":[507,872,1,519,866,1,498,863,1]}]}