{"images":[{"filename":"[01]_[Side]_[Screen01]_[Ama01] 009.jpg","width":1080,"height":1920}],"annotations":[{"attributes":[],"class":"keypoint_club","points":[506,1166,2,904,1482,2,863,1495,2]},{"box":[342,859,260,688],"attributes":[],"class":"0"},{"box":[512,859,91,115],"attributes":[],"class":"1"},{"box":[383,1487,143,61],"attributes":[],"class":"3"},{"box":[452,1456,72,37],"attributes":[],"class":"3"},{"box":[849,1465,23,24],"attributes":[],"class":"5"},{"box":[855,1476,60,40],"attributes":[],"class":"6"},{"box":[523,1177,50,48],"attributes":[],"class":"2"},{"box":[506,1168,28,30],"attributes":[],"class":"2"},{"attributes":[],"class":"0","points":[580,955,2,584,934,2,585,931,1]}]}