{"images":[{"filename":"[01]_[Side]_[Screen01]_[Ama01] 197.jpg","width":1080,"height":1920}],"annotations":[{"attributes":[],"class":"keypoint_club","points":[408,887,1,732,1102,2,726,1057,2]},{"box":[360,812,201,739],"attributes":[],"class":"0"},{"box":[392,871,38,39],"attributes":[],"class":"2"},{"box":[371,877,23,32],"attributes":[],"class":"2"},{"box":[470,810,91,94],"attributes":[],"class":"1"},{"box":[716,1046,44,61],"attributes":[],"class":"6"},{"box":[431,1447,93,103],"attributes":[],"class":"3"},{"box":[409,1444,93,51],"attributes":[],"class":"3"},{"attributes":[],"class":"0","points":[519,874,1,538,869,1,502,857,1]}]}