{"images":[{"filename":"[01]_[Side]_[Screen01]_[Ama01] 129.jpg","width":1080,"height":1920}],"annotations":[{"attributes":[],"class":"keypoint_club","points":[447,924,2,0,0,0,0,0,0]},{"box":[355,861,271,685],"attributes":[],"class":"0"},{"box":[512,860,114,115],"attributes":[],"class":"1"},{"box":[428,889,45,57],"attributes":[],"class":"2"},{"box":[420,888,12,30],"attributes":[],"class":"2"},{"box":[381,1492,143,55],"attributes":[],"class":"3"},{"box":[443,1455,82,36],"attributes":[],"class":"3"},{"box":[848,1465,23,22],"attributes":[],"class":"5"},{"attributes":[],"class":"0","points":[592,949,2,588,929,2,587,927,1]}]}