{"images":[{"filename":"[01]_[Side]_[Screen01]_[Ama01] 093.jpg","width":1080,"height":1920}],"annotations":[{"attributes":[],"class":"keypoint_club","points":[408,895,2,0,0,0,0,0,0]},{"box":[357,859,274,688],"attributes":[],"class":"0"},{"box":[402,862,41,40],"attributes":[],"class":"2"},{"box":[380,1487,142,61],"attributes":[],"class":"3"},{"box":[452,1453,70,38],"attributes":[],"class":"3"},{"box":[849,1466,23,20],"attributes":[],"class":"5"},{"box":[512,863,102,97],"attributes":[],"class":"1"},{"attributes":[],"class":"0","points":[583,949,2,583,934,2,582,930,1]}]}