{"images":[{"filename":"[01]_[Side]_[Screen01]_[Ama01] 145.jpg","width":1080,"height":1920}],"annotations":[{"attributes":[],"class":"keypoint_club","points":[587,1124,1,408,738,2,440,784,2]},{"box":[362,861,248,685],"attributes":[],"class":"0"},{"box":[390,729,68,67],"attributes":[],"class":"6"},{"box":[514,867,93,101],"attributes":[],"class":"1"},{"box":[379,1489,143,57],"attributes":[],"class":"3"},{"box":[448,1456,76,37],"attributes":[],"class":"3"},{"box":[555,1087,39,43],"attributes":[],"class":"2"},{"box":[581,1088,22,39],"attributes":[],"class":"2"},{"attributes":[],"class":"0","points":[584,949,2,589,934,2,590,931,1]}]}