{"images":[{"filename":"[01]_[Side]_[Screen01]_[Ama01] 021.jpg","width":1080,"height":1920}],"annotations":[{"attributes":[],"class":"keypoint_club","points":[513,1163,2,931,1504,2,890,1518,2]},{"box":[346,866,259,677],"attributes":[],"class":"0"},{"box":[508,866,97,108],"attributes":[],"class":"1"},{"box":[389,1471,126,72],"attributes":[],"class":"3"},{"box":[449,1456,78,34],"attributes":[],"class":"3"},{"box":[526,1177,48,47],"attributes":[],"class":"2"},{"box":[879,1494,64,45],"attributes":[],"class":"6"},{"box":[850,1465,22,21],"attributes":[],"class":"5"},{"box":[511,1165,18,28],"attributes":[],"class":"2"},{"attributes":[],"class":"0","points":[584,955,2,578,938,2,586,941,1]}]}