{"images":[{"filename":"[01]_[Side]_[Screen01]_[Ama01] 209.jpg","width":1080,"height":1920}],"annotations":[{"attributes":[],"class":"keypoint_club","points":[410,893,1,818,1056,2,801,1009,2]},{"box":[358,817,203,738],"attributes":[],"class":"0"},{"box":[467,816,93,85],"attributes":[],"class":"1"},{"box":[362,878,42,42],"attributes":[],"class":"2"},{"box":[400,876,35,36],"attributes":[],"class":"2"},{"box":[406,1443,41,52],"attributes":[],"class":"3"},{"box":[429,1443,93,106],"attributes":[],"class":"3"},{"box":[505,1452,13,17],"attributes":[],"class":"5"},{"box":[795,1002,39,60],"attributes":[],"class":"6"},{"attributes":[],"class":"0","points":[512,869,1,529,863,1,497,857,1]}]}