{"images":[{"filename":"[01]_[Side]_[Screen01]_[Ama01] 085.jpg","width":1080,"height":1920}],"annotations":[{"attributes":[],"class":"keypoint_club","points":[426,909,2,0,0,0,0,0,0]},{"box":[351,855,254,691],"attributes":[],"class":"0"},{"box":[525,855,80,113],"attributes":[],"class":"1"},{"box":[398,873,30,37],"attributes":[],"class":"2"},{"box":[409,879,41,49],"attributes":[],"class":"2"},{"box":[449,1450,75,44],"attributes":[],"class":"3"},{"box":[377,1484,146,62],"attributes":[],"class":"3"},{"box":[849,1466,21,21],"attributes":[],"class":"5"},{"attributes":[],"class":"0","points":[583,956,2,584,936,2,582,930,1]}]}