{"images":[{"filename":"[01]_[Side]_[Screen01]_[Ama01] 221.jpg","width":1080,"height":1920}],"annotations":[{"attributes":[],"class":"keypoint_club","points":[394,896,1,830,901,2,819,867,2]},{"box":[349,796,200,749],"attributes":[],"class":"0"},{"box":[447,794,88,102],"attributes":[],"class":"1"},{"box":[354,879,44,42],"attributes":[],"class":"2"},{"box":[383,872,45,43],"attributes":[],"class":"2"},{"box":[406,1426,116,70],"attributes":[],"class":"3"},{"box":[428,1441,95,104],"attributes":[],"class":"3"},{"box":[627,1260,8,8],"attributes":[],"class":"5"},{"box":[809,857,41,60],"attributes":[],"class":"6"},{"attributes":[],"class":"0","points":[499,865,1,515,850,1,486,851,1]}]}