{"images":[{"filename":"[01]_[Side]_[Screen01]_[Ama01] 149.jpg","width":1080,"height":1920}],"annotations":[{"attributes":[],"class":"keypoint_club","points":[580,1128,1,896,1422,2,839,1422,2]},{"box":[366,851,247,694],"attributes":[],"class":"0"},{"box":[851,1465,17,19],"attributes":[],"class":"5"},{"box":[572,1112,32,22],"attributes":[],"class":"2"},{"box":[572,1126,41,44],"attributes":[],"class":"2"},{"box":[381,1481,141,63],"attributes":[],"class":"3"},{"box":[457,1454,69,37],"attributes":[],"class":"3"},{"box":[825,1376,80,88],"attributes":[],"class":"6"},{"box":[501,853,105,110],"attributes":[],"class":"1"},{"attributes":[],"class":"0","points":[580,945,2,586,929,2,586,921,1]}]}