{"images":[{"filename":"[01]_[Side]_[Screen01]_[Ama01] 229.jpg","width":1080,"height":1920}],"annotations":[{"attributes":[],"class":"keypoint_club","points":[388,895,1,806,811,2,792,787,2]},{"box":[351,808,202,737],"attributes":[],"class":"0"},{"box":[447,810,91,87],"attributes":[],"class":"1"},{"box":[371,875,46,37],"attributes":[],"class":"2"},{"box":[425,1442,98,101],"attributes":[],"class":"3"},{"box":[404,1447,30,48],"attributes":[],"class":"3"},{"box":[782,775,43,50],"attributes":[],"class":"6"},{"attributes":[],"class":"0","points":[499,872,1,508,846,1,486,846,1]}]}