{"images":[{"filename":"[01]_[Side]_[Screen01]_[Ama01] 189.jpg","width":1080,"height":1920}],"annotations":[{"attributes":[],"class":"keypoint_club","points":[382,902,1,610,884,2,573,840,2]},{"box":[363,816,210,736],"attributes":[],"class":"0"},{"box":[481,817,79,84],"attributes":[],"class":"1"},{"box":[629,1255,9,10],"attributes":[],"class":"5"},{"box":[565,825,74,61],"attributes":[],"class":"6"},{"box":[378,863,49,39],"attributes":[],"class":"2"},{"box":[405,1448,118,44],"attributes":[],"class":"3"},{"box":[416,1453,108,95],"attributes":[],"class":"3"},{"attributes":[],"class":"0","points":[544,900,1,551,886,1,530,870,1]}]}