{"images":[{"filename":"[01]_[Side]_[Screen01]_[Ama01] 077.jpg","width":1080,"height":1920}],"annotations":[{"attributes":[],"class":"keypoint_club","points":[443,955,2,274,635,2,264,667,2]},{"box":[351,861,272,685],"attributes":[],"class":"0"},{"box":[518,861,105,114],"attributes":[],"class":"1"},{"box":[400,892,31,51],"attributes":[],"class":"2"},{"box":[418,907,45,55],"attributes":[],"class":"2"},{"box":[381,1487,142,59],"attributes":[],"class":"3"},{"box":[453,1450,70,41],"attributes":[],"class":"3"},{"box":[850,1466,20,19],"attributes":[],"class":"5"},{"box":[263,672,36,36],"attributes":[],"class":"6"},{"attributes":[],"class":"0","points":[588,961,2,589,934,2,590,931,1]}]}