{"images":[{"filename":"[01]_[Side]_[Screen01]_[Ama01] 057.jpg","width":1080,"height":1920}],"annotations":[{"attributes":[],"class":"keypoint_club","points":[498,1094,1,214,645,2,228,705,2]},{"box":[340,862,275,690],"attributes":[],"class":"0"},{"box":[511,862,104,123],"attributes":[],"class":"1"},{"box":[848,1464,24,22],"attributes":[],"class":"5"},{"box":[169,640,84,80],"attributes":[],"class":"6"},{"box":[452,1036,44,50],"attributes":[],"class":"2"},{"box":[440,1454,86,38],"attributes":[],"class":"3"},{"box":[381,1494,146,54],"attributes":[],"class":"3"},{"box":[482,1053,41,52],"attributes":[],"class":"2"},{"attributes":[],"class":"0","points":[589,962,2,584,952,2,589,955,1]}]}