{"images":[{"filename":"[01]_[Side]_[Screen01]_[Ama01] 017.jpg","width":1080,"height":1920}],"annotations":[{"attributes":[],"class":"keypoint_club","points":[509,1162,2,923,1497,2,878,1511,2]},{"box":[517,857,100,116],"attributes":[],"class":"1"},{"box":[530,1169,39,55],"attributes":[],"class":"2"},{"box":[513,1168,17,25],"attributes":[],"class":"2"},{"box":[384,1490,140,56],"attributes":[],"class":"3"},{"box":[463,1460,63,30],"attributes":[],"class":"3"},{"box":[868,1486,63,45],"attributes":[],"class":"6"},{"box":[850,1465,18,19],"attributes":[],"class":"5"},{"box":[343,857,274,690],"attributes":[],"class":"0"},{"attributes":[],"class":"0","points":[580,955,2,584,934,2,583,931,1]}]}