{"images":[{"filename":"[01]_[Side]_[Screen01]_[Ama01] 117.jpg","width":1080,"height":1920}],"annotations":[{"attributes":[],"class":"keypoint_club","points":[411,873,2,540,1049,1,550,1012,1]},{"box":[355,860,269,698],"attributes":[],"class":"0"},{"box":[527,868,85,96],"attributes":[],"class":"1"},{"box":[411,863,36,33],"attributes":[],"class":"2"},{"box":[382,1479,140,68],"attributes":[],"class":"3"},{"box":[453,1456,70,35],"attributes":[],"class":"3"},{"box":[850,1465,20,20],"attributes":[],"class":"5"},{"attributes":[],"class":"0","points":[588,948,2,588,929,2,587,927,1]}]}