{"images":[{"filename":"[01]_[Side]_[Screen01]_[Ama01] 173.jpg","width":1080,"height":1920}],"annotations":[{"attributes":[],"class":"keypoint_club","points":[406,909,1,279,602,2,267,638,2]},{"box":[367,839,235,706],"attributes":[],"class":"0"},{"box":[526,849,78,89],"attributes":[],"class":"1"},{"box":[248,595,38,46],"attributes":[],"class":"6"},{"box":[392,894,30,26],"attributes":[],"class":"2"},{"box":[402,1459,126,89],"attributes":[],"class":"3"},{"box":[479,1451,45,37],"attributes":[],"class":"3"},{"attributes":[],"class":"0","points":[580,919,1,589,904,2,585,897,1]}]}