{"images":[{"filename":"[01]_[Side]_[Screen01]_[Ama01] 121.jpg","width":1080,"height":1920}],"annotations":[{"attributes":[],"class":"keypoint_club","points":[420,884,2,576,894,1,573,863,1]},{"box":[353,860,270,684],"attributes":[],"class":"0"},{"box":[851,1465,17,19],"attributes":[],"class":"5"},{"box":[412,869,38,36],"attributes":[],"class":"2"},{"box":[381,1487,141,57],"attributes":[],"class":"3"},{"box":[447,1451,76,38],"attributes":[],"class":"3"},{"attributes":[],"class":"0","points":[588,948,2,588,929,2,587,927,1]}]}