{"images":[{"filename":"[01]_[Side]_[Screen01]_[Ama01] 181.jpg","width":1080,"height":1920}],"annotations":[{"attributes":[],"class":"keypoint_club","points":[391,907,1,348,500,2,310,520,2]},{"box":[292,495,63,41],"attributes":[],"class":"6"},{"box":[364,822,230,726],"attributes":[],"class":"0"},{"box":[402,1448,122,99],"attributes":[],"class":"3"},{"box":[478,1453,44,34],"attributes":[],"class":"3"},{"box":[373,889,38,31],"attributes":[],"class":"2"},{"box":[374,868,40,34],"attributes":[],"class":"2"},{"box":[463,823,129,108],"attributes":[],"class":"1"},{"attributes":[],"class":"0","points":[566,913,1,572,901,1,569,895,1]}]}