{"images":[{"filename":"[01]_[Side]_[Screen01]_[Ama01] 205.jpg","width":1080,"height":1920}],"annotations":[{"attributes":[],"class":"keypoint_club","points":[410,893,1,796,1097,2,777,1047,2]},{"box":[359,812,194,735],"attributes":[],"class":"0"},{"box":[777,1042,35,58],"attributes":[],"class":"6"},{"box":[365,880,41,40],"attributes":[],"class":"2"},{"box":[392,873,40,45],"attributes":[],"class":"2"},{"box":[428,1445,90,100],"attributes":[],"class":"3"},{"box":[406,1436,114,55],"attributes":[],"class":"3"},{"box":[459,814,86,86],"attributes":[],"class":"1"},{"attributes":[],"class":"0","points":[504,868,1,521,858,1,491,859,1]}]}