{"images":[{"filename":"[01]_[Side]_[Screen01]_[Ama01] 041.jpg","width":1080,"height":1920}],"annotations":[{"attributes":[],"class":"keypoint_club","points":[527,1147,1,812,1378,2,747,1401,2]},{"box":[342,859,283,689],"attributes":[],"class":"0"},{"box":[520,859,102,122],"attributes":[],"class":"1"},{"box":[511,1135,44,54],"attributes":[],"class":"2"},{"box":[526,1129,29,48],"attributes":[],"class":"2"},{"box":[732,1348,98,79],"attributes":[],"class":"6"},{"box":[849,1464,21,22],"attributes":[],"class":"5"},{"box":[379,1492,145,53],"attributes":[],"class":"3"},{"box":[448,1455,76,37],"attributes":[],"class":"3"},{"attributes":[],"class":"0","points":[586,958,2,581,945,2,588,950,1]}]}