{"images":[{"filename":"[01]_[Side]_[Screen01]_[Ama01] 185.jpg","width":1080,"height":1920}],"annotations":[{"attributes":[],"class":"keypoint_club","points":[390,896,1,481,670,2,420,650,2]},{"box":[365,833,205,719],"attributes":[],"class":"0"},{"box":[483,832,82,84],"attributes":[],"class":"1"},{"box":[371,867,45,33],"attributes":[],"class":"2"},{"box":[409,1457,116,91],"attributes":[],"class":"3"},{"box":[399,1441,124,48],"attributes":[],"class":"3"},{"box":[432,639,61,55],"attributes":[],"class":"6"},{"attributes":[],"class":"0","points":[563,908,1,565,899,1,559,895,1]}]}