{"images":[{"filename":"[01]_[Side]_[Screen01]_[Ama01] 217.jpg","width":1080,"height":1920}],"annotations":[{"attributes":[],"class":"keypoint_club","points":[401,896,1,833,941,2,825,912,2]},{"box":[357,811,189,736],"attributes":[],"class":"0"},{"box":[387,874,43,39],"attributes":[],"class":"2"},{"box":[359,881,42,35],"attributes":[],"class":"2"},{"box":[425,1445,94,101],"attributes":[],"class":"3"},{"box":[410,1442,105,56],"attributes":[],"class":"3"},{"box":[812,905,36,54],"attributes":[],"class":"6"},{"box":[456,812,87,88],"attributes":[],"class":"1"},{"attributes":[],"class":"0","points":[499,872,1,508,846,1,486,846,1]}]}