{"images":[{"filename":"[01]_[Side]_[Screen01]_[Ama01] 177.jpg","width":1080,"height":1920}],"annotations":[{"attributes":[],"class":"keypoint_club","points":[403,915,1,265,497,2,247,527,2]},{"box":[364,829,239,720],"attributes":[],"class":"0"},{"box":[234,490,42,35],"attributes":[],"class":"6"},{"box":[379,898,34,32],"attributes":[],"class":"2"},{"box":[380,877,43,33],"attributes":[],"class":"2"},{"box":[402,1457,121,91],"attributes":[],"class":"3"},{"box":[476,1456,50,30],"attributes":[],"class":"3"},{"box":[512,832,89,97],"attributes":[],"class":"1"},{"attributes":[],"class":"0","points":[566,913,1,572,901,1,569,895,1]}]}