{"images":[{"filename":"[01]_[Side]_[Screen01]_[Ama01] 201.jpg","width":1080,"height":1920}],"annotations":[{"attributes":[],"class":"keypoint_club","points":[413,893,1,765,1112,2,759,1071,2]},{"box":[360,810,202,736],"attributes":[],"class":"0"},{"box":[456,809,106,102],"attributes":[],"class":"1"},{"box":[391,874,42,34],"attributes":[],"class":"2"},{"box":[369,878,34,35],"attributes":[],"class":"2"},{"box":[748,1058,42,63],"attributes":[],"class":"6"},{"box":[426,1445,94,102],"attributes":[],"class":"3"},{"box":[408,1446,111,48],"attributes":[],"class":"3"},{"attributes":[],"class":"0","points":[510,878,1,532,852,1,488,853,1]}]}