{"images":[{"filename":"[01]_[Side]_[Screen01]_[Ama01] 025.jpg","width":1080,"height":1920}],"annotations":[{"attributes":[],"class":"keypoint_club","points":[0,0,0,945,1516,2,896,1533,2]},{"box":[883,1509,68,42],"attributes":[],"class":"6"},{"box":[851,1465,17,21],"attributes":[],"class":"5"},{"box":[381,1487,143,59],"attributes":[],"class":"3"},{"box":[453,1452,71,38],"attributes":[],"class":"3"},{"box":[528,1172,46,49],"attributes":[],"class":"2"},{"box":[514,1172,38,33],"attributes":[],"class":"2"},{"box":[513,859,94,117],"attributes":[],"class":"1"},{"box":[341,859,267,687],"attributes":[],"class":"0"},{"attributes":[],"class":"0","points":[580,955,2,584,934,2,583,931,1]}]}