{"images":[{"filename":"[01]_[Side]_[Screen01]_[Ama01] 049.jpg","width":1080,"height":1920}],"annotations":[{"attributes":[],"class":"keypoint_club","points":[521,1134,1,490,981,2,460,1027,2]},{"box":[519,870,91,115],"attributes":[],"class":"1"},{"box":[491,1096,36,53],"attributes":[],"class":"2"},{"box":[516,1104,25,39],"attributes":[],"class":"2"},{"box":[452,974,65,62],"attributes":[],"class":"6"},{"box":[382,1484,142,64],"attributes":[],"class":"3"},{"box":[449,1458,79,34],"attributes":[],"class":"3"},{"box":[850,1466,21,19],"attributes":[],"class":"5"},{"box":[342,871,269,675],"attributes":[],"class":"0"},{"attributes":[],"class":"0","points":[586,958,2,582,946,2,588,950,1]}]}