{"images":[{"filename":"[01]_[Side]_[Screen01]_[Ama01] 053.jpg","width":1080,"height":1920}],"annotations":[{"attributes":[],"class":"keypoint_club","points":[510,1113,1,316,782,2,349,884,2]},{"box":[343,867,279,680],"attributes":[],"class":"0"},{"box":[274,775,102,118],"attributes":[],"class":"6"},{"box":[383,1493,142,55],"attributes":[],"class":"3"},{"box":[448,1460,77,32],"attributes":[],"class":"3"},{"box":[851,1465,18,21],"attributes":[],"class":"5"},{"box":[472,1068,43,52],"attributes":[],"class":"2"},{"box":[511,867,111,114],"attributes":[],"class":"1"},{"attributes":[],"class":"0","points":[589,962,2,584,952,2,589,955,1]}]}