{"images":[{"filename":"[01]_[Side]_[Screen01]_[Ama01] 065.jpg","width":1080,"height":1920}],"annotations":[{"attributes":[],"class":"keypoint_club","points":[481,1036,1,157,544,2,163,586,2]},{"box":[348,868,264,674],"attributes":[],"class":"0"},{"box":[121,537,58,51],"attributes":[],"class":"6"},{"box":[424,965,36,50],"attributes":[],"class":"2"},{"box":[451,991,45,62],"attributes":[],"class":"2"},{"box":[511,867,103,111],"attributes":[],"class":"1"},{"box":[380,1488,139,59],"attributes":[],"class":"3"},{"box":[453,1456,69,36],"attributes":[],"class":"3"},{"box":[851,1465,20,18],"attributes":[],"class":"5"},{"attributes":[],"class":"0","points":[589,962,2,584,952,2,589,955,1]}]}