{"images":[{"filename":"[01]_[Side]_[Screen01]_[Ama01] 113.jpg","width":1080,"height":1920}],"annotations":[{"attributes":[],"class":"keypoint_club","points":[406,866,2,562,1053,2,559,1026,1]},{"box":[352,856,258,692],"attributes":[],"class":"0"},{"box":[523,856,87,110],"attributes":[],"class":"1"},{"box":[547,1026,33,32],"attributes":[],"class":"6"},{"box":[405,860,40,40],"attributes":[],"class":"2"},{"box":[380,1485,145,64],"attributes":[],"class":"3"},{"box":[449,1449,77,46],"attributes":[],"class":"3"},{"box":[849,1465,23,20],"attributes":[],"class":"5"},{"attributes":[],"class":"0","points":[586,947,2,587,931,2,586,929,1]}]}