{"images":[{"filename":"[01]_[Side]_[Screen01]_[Ama01] 097.jpg","width":1080,"height":1920}],"annotations":[{"attributes":[],"class":"keypoint_club","points":[413,879,2,0,0,0,0,0,0]},{"box":[851,1465,17,19],"attributes":[],"class":"5"},{"box":[350,855,278,691],"attributes":[],"class":"0"},{"box":[405,860,37,40],"attributes":[],"class":"2"},{"box":[382,1482,140,65],"attributes":[],"class":"3"},{"box":[446,1456,78,36],"attributes":[],"class":"3"},{"box":[500,856,127,108],"attributes":[],"class":"1"},{"attributes":[],"class":"0","points":[581,949,2,583,934,2,582,930,1]}]}