{"images":[{"filename":"[01]_[Side]_[Screen01]_[Ama01] 073.jpg","width":1080,"height":1920}],"annotations":[{"attributes":[],"class":"keypoint_club","points":[454,982,2,225,613,2,229,639,2]},{"box":[348,859,269,689],"attributes":[],"class":"0"},{"box":[504,860,112,120],"attributes":[],"class":"1"},{"box":[397,910,42,57],"attributes":[],"class":"2"},{"box":[424,933,48,50],"attributes":[],"class":"2"},{"box":[391,1437,135,58],"attributes":[],"class":"3"},{"box":[381,1489,144,58],"attributes":[],"class":"3"},{"box":[851,1465,18,21],"attributes":[],"class":"5"},{"box":[198,604,46,46],"attributes":[],"class":"6"},{"attributes":[],"class":"0","points":[588,961,2,589,934,2,590,931,1]}]}