{"images":[{"filename":"[01]_[Side]_[Screen01]_[Ama01] 237.jpg","width":1080,"height":1920}],"annotations":[{"attributes":[],"class":"keypoint_club","points":[387,905,1,773,751,2,756,725,2]},{"box":[342,810,211,734],"attributes":[],"class":"0"},{"box":[739,714,54,49],"attributes":[],"class":"6"},{"box":[363,877,47,41],"attributes":[],"class":"2"},{"box":[341,888,47,40],"attributes":[],"class":"2"},{"box":[422,1444,98,98],"attributes":[],"class":"3"},{"box":[409,1442,102,49],"attributes":[],"class":"3"},{"box":[443,811,85,93],"attributes":[],"class":"1"},{"attributes":[],"class":"0","points":[487,871,1,500,849,1,474,850,1]}]}