{"images":[{"filename":"[01]_[Side]_[Screen01]_[Ama01] 141.jpg","width":1080,"height":1920}],"annotations":[{"attributes":[],"class":"keypoint_club","points":[539,1071,1,305,592,2,299,621,2]},{"box":[362,854,259,693],"attributes":[],"class":"0"},{"box":[512,852,110,124],"attributes":[],"class":"1"},{"box":[512,1006,35,68],"attributes":[],"class":"2"},{"box":[539,1033,36,53],"attributes":[],"class":"2"},{"box":[389,1436,138,58],"attributes":[],"class":"3"},{"box":[381,1487,143,61],"attributes":[],"class":"3"},{"box":[849,1466,21,19],"attributes":[],"class":"5"},{"box":[263,588,55,44],"attributes":[],"class":"6"},{"attributes":[],"class":"0","points":[585,950,2,583,939,1,584,939,2]}]}