{"images":[{"filename":"[01]_[Side]_[Screen01]_[Ama01] 213.jpg","width":1080,"height":1920}],"annotations":[{"attributes":[],"class":"keypoint_club","points":[407,896,1,828,1005,2,818,970,2]},{"box":[356,812,199,730],"attributes":[],"class":"0"},{"box":[457,804,83,90],"attributes":[],"class":"1"},{"box":[363,881,37,35],"attributes":[],"class":"2"},{"box":[393,874,41,40],"attributes":[],"class":"2"},{"box":[806,957,47,59],"attributes":[],"class":"6"},{"box":[436,1449,89,94],"attributes":[],"class":"3"},{"box":[411,1445,107,46],"attributes":[],"class":"3"},{"box":[503,1452,15,16],"attributes":[],"class":"5"},{"attributes":[],"class":"0","points":[501,867,1,519,861,1,487,856,1]}]}