{"images":[{"filename":"[01]_[Side]_[Screen01]_[Ama01] 125.jpg","width":1080,"height":1920}],"annotations":[{"attributes":[],"class":"keypoint_club","points":[423,907,2,562,984,1,578,953,1]},{"box":[851,1465,17,21],"attributes":[],"class":"5"},{"box":[383,1486,140,62],"attributes":[],"class":"3"},{"box":[448,1451,77,42],"attributes":[],"class":"3"},{"box":[414,880,45,42],"attributes":[],"class":"2"},{"box":[416,875,27,24],"attributes":[],"class":"2"},{"box":[504,859,121,111],"attributes":[],"class":"1"},{"box":[354,859,271,690],"attributes":[],"class":"0"},{"attributes":[],"class":"0","points":[592,949,2,588,929,2,587,927,1]}]}