{"images":[{"filename":"[01]_[Side]_[Screen01]_[Ama01] 033.jpg","width":1080,"height":1920}],"annotations":[{"attributes":[],"class":"keypoint_club","points":[521,1152,1,935,1507,2,883,1534,2]},{"box":[341,866,266,678],"attributes":[],"class":"0"},{"box":[509,864,99,116],"attributes":[],"class":"1"},{"box":[381,1471,136,71],"attributes":[],"class":"3"},{"box":[435,1439,85,53],"attributes":[],"class":"3"},{"box":[517,1150,53,63],"attributes":[],"class":"2"},{"box":[870,1490,72,62],"attributes":[],"class":"6"},{"box":[850,1462,24,25],"attributes":[],"class":"5"},{"attributes":[],"class":"0","points":[582,961,2,583,939,2,582,930,1]}]}