{"images":[{"filename":"[01]_[Side]_[Screen01]_[Ama01] 157.jpg","width":1080,"height":1920}],"annotations":[{"attributes":[],"class":"keypoint_club","points":[546,1119,1,703,1319,2,672,1312,2]},{"box":[369,837,236,713],"attributes":[],"class":"0"},{"box":[529,847,74,96],"attributes":[],"class":"1"},{"box":[525,1110,38,28],"attributes":[],"class":"2"},{"box":[665,1291,51,53],"attributes":[],"class":"6"},{"box":[383,1477,142,68],"attributes":[],"class":"3"},{"box":[412,1434,112,53],"attributes":[],"class":"3"},{"attributes":[],"class":"0","points":[582,942,2,0,0,0,584,922,1]}]}