{"images":[{"filename":"[01]_[Side]_[Screen01]_[Ama01] 029.jpg","width":1080,"height":1920}],"annotations":[{"attributes":[],"class":"keypoint_club","points":[515,1153,1,946,1520,2,895,1539,2]},{"box":[341,866,270,678],"attributes":[],"class":"0"},{"box":[516,866,98,111],"attributes":[],"class":"1"},{"box":[527,1169,44,50],"attributes":[],"class":"2"},{"box":[450,1456,73,34],"attributes":[],"class":"3"},{"box":[382,1493,141,49],"attributes":[],"class":"3"},{"box":[852,1466,17,19],"attributes":[],"class":"5"},{"box":[892,1513,65,45],"attributes":[],"class":"6"},{"attributes":[],"class":"0","points":[580,955,2,584,934,2,583,931,1]}]}