{"images":[{"filename":"[01]_[Side]_[Screen01]_[Ama01] 225.jpg","width":1080,"height":1920}],"annotations":[{"attributes":[],"class":"keypoint_club","points":[408,891,1,820,853,2,813,818,2]},{"box":[355,809,200,734],"attributes":[],"class":"0"},{"box":[452,808,85,91],"attributes":[],"class":"1"},{"box":[384,875,42,35],"attributes":[],"class":"2"},{"box":[357,884,36,33],"attributes":[],"class":"2"},{"box":[796,807,39,40],"attributes":[],"class":"6"},{"box":[433,1446,86,97],"attributes":[],"class":"3"},{"box":[413,1437,112,60],"attributes":[],"class":"3"},{"attributes":[],"class":"0","points":[492,856,1,507,847,1,479,843,1]}]}