{"images":[{"filename":"[01]_[Side]_[Screen01]_[Ama01] 109.jpg","width":1080,"height":1920}],"annotations":[{"attributes":[],"class":"keypoint_club","points":[413,872,2,0,0,0,560,1028,1]},{"box":[349,854,268,693],"attributes":[],"class":"0"},{"box":[851,1465,17,19],"attributes":[],"class":"5"},{"box":[407,858,40,36],"attributes":[],"class":"2"},{"box":[379,1489,143,57],"attributes":[],"class":"3"},{"box":[449,1452,74,41],"attributes":[],"class":"3"},{"box":[500,856,115,112],"attributes":[],"class":"1"},{"attributes":[],"class":"0","points":[583,947,2,583,934,2,582,930,1]}]}