{"images":[{"filename":"[01]_[Side]_[Screen01]_[Ama01] 061.jpg","width":1080,"height":1920}],"annotations":[{"attributes":[],"class":"keypoint_club","points":[493,1068,1,168,559,2,182,635,2]},{"box":[343,866,272,682],"attributes":[],"class":"0"},{"box":[515,868,98,119],"attributes":[],"class":"1"},{"box":[850,1465,20,20],"attributes":[],"class":"5"},{"box":[439,1003,53,47],"attributes":[],"class":"2"},{"box":[459,1027,50,50],"attributes":[],"class":"2"},{"box":[384,1484,141,66],"attributes":[],"class":"3"},{"box":[448,1449,79,45],"attributes":[],"class":"3"},{"box":[127,554,64,74],"attributes":[],"class":"6"},{"attributes":[],"class":"0","points":[589,962,2,584,952,2,589,955,1]}]}