{"images":[{"filename":"[01]_[Side]_[Screen01]_[Ama01] 153.jpg","width":1080,"height":1920}],"annotations":[{"attributes":[],"class":"keypoint_club","points":[579,1157,1,853,1479,2,816,1464,2]},{"box":[372,833,243,717],"attributes":[],"class":"0"},{"box":[518,833,97,121],"attributes":[],"class":"1"},{"box":[564,1138,30,32],"attributes":[],"class":"2"},{"box":[803,1451,63,50],"attributes":[],"class":"6"},{"box":[450,1446,75,46],"attributes":[],"class":"3"},{"box":[382,1485,140,63],"attributes":[],"class":"3"},{"attributes":[],"class":"0","points":[578,942,2,583,924,2,588,921,1]}]}