{"images":[{"filename":"[01]_[Side]_[Screen01]_[Ama01] 101.jpg","width":1080,"height":1920}],"annotations":[{"attributes":[],"class":"keypoint_club","points":[411,871,2,597,884,1,0,0,0]},{"box":[354,853,268,698],"attributes":[],"class":"0"},{"box":[402,860,42,40],"attributes":[],"class":"2"},{"box":[450,1449,77,45],"attributes":[],"class":"3"},{"box":[379,1485,149,63],"attributes":[],"class":"3"},{"box":[849,1465,24,21],"attributes":[],"class":"5"},{"box":[522,858,99,111],"attributes":[],"class":"1"},{"attributes":[],"class":"0","points":[583,947,2,583,934,2,582,930,1]}]}