{"images":[{"filename":"[01]_[Side]_[Screen01]_[Ama01] 069.jpg","width":1080,"height":1920}],"annotations":[{"attributes":[],"class":"keypoint_club","points":[470,1010,2,181,570,2,188,599,2]},{"box":[346,859,291,690],"attributes":[],"class":"0"},{"box":[524,857,107,124],"attributes":[],"class":"1"},{"box":[153,558,53,50],"attributes":[],"class":"6"},{"box":[411,934,39,52],"attributes":[],"class":"2"},{"box":[432,962,53,55],"attributes":[],"class":"2"},{"box":[851,1466,20,20],"attributes":[],"class":"5"},{"box":[450,1456,74,37],"attributes":[],"class":"3"},{"box":[382,1489,143,58],"attributes":[],"class":"3"},{"attributes":[],"class":"0","points":[587,961,2,585,945,2,592,951,1]}]}