{"images":[{"filename":"[01]_[Side]_[Screen01]_[Ama01] 133.jpg","width":1080,"height":1920}],"annotations":[{"attributes":[],"class":"keypoint_club","points":[477,973,2,461,877,2,446,893,2]},{"box":[357,860,278,690],"attributes":[],"class":"0"},{"box":[439,872,29,33],"attributes":[],"class":"6"},{"box":[440,909,31,46],"attributes":[],"class":"2"},{"box":[458,925,44,54],"attributes":[],"class":"2"},{"box":[452,1454,75,41],"attributes":[],"class":"3"},{"box":[380,1489,146,61],"attributes":[],"class":"3"},{"box":[852,1464,18,21],"attributes":[],"class":"5"},{"box":[534,860,101,117],"attributes":[],"class":"1"},{"attributes":[],"class":"0","points":[592,949,2,589,934,2,590,931,1]}]}