{"images":[{"filename":"[01]_[Side]_[Screen01]_[Ama01] 005.jpg","width":1080,"height":1920}],"annotations":[{"attributes":[],"class":"keypoint_club","points":[510,1168,2,902,1481,2,861,1500,2]},{"box":[341,859,273,683],"attributes":[],"class":"0"},{"box":[514,859,100,114],"attributes":[],"class":"1"},{"box":[505,1162,24,40],"attributes":[],"class":"2"},{"box":[520,1176,53,50],"attributes":[],"class":"2"},{"box":[850,1464,20,22],"attributes":[],"class":"5"},{"box":[851,1473,58,39],"attributes":[],"class":"6"},{"box":[452,1456,72,35],"attributes":[],"class":"3"},{"box":[379,1491,145,51],"attributes":[],"class":"3"},{"attributes":[],"class":"0","points":[580,955,2,584,934,2,585,931,1]}]}