{"images":[{"filename":"[01]_[Side]_[Screen01]_[Ama01] 089.jpg","width":1080,"height":1920}],"annotations":[{"attributes":[],"class":"keypoint_club","points":[418,896,2,0,0,0,0,0,0]},{"box":[351,855,269,692],"attributes":[],"class":"0"},{"box":[495,855,127,111],"attributes":[],"class":"1"},{"box":[428,857,34,21],"attributes":[],"class":"6"},{"box":[407,869,39,45],"attributes":[],"class":"2"},{"box":[401,865,21,30],"attributes":[],"class":"2"},{"box":[450,1452,73,38],"attributes":[],"class":"3"},{"box":[379,1483,147,62],"attributes":[],"class":"3"},{"box":[850,1465,20,23],"attributes":[],"class":"5"},{"attributes":[],"class":"0","points":[584,952,2,583,934,2,582,930,1]}]}