{"images":[{"filename":"[01]_[Side]_[Screen01]_[Ama01] 001.jpg","width":1080,"height":1920}],"annotations":[{"attributes":[],"class":"keypoint_club","points":[510,1166,2,900,1480,2,858,1495,2]},{"box":[347,861,261,686],"attributes":[],"class":"0"},{"box":[851,1465,17,19],"attributes":[],"class":"5"},{"box":[853,1473,55,38],"attributes":[],"class":"6"},{"box":[382,1486,140,60],"attributes":[],"class":"3"},{"box":[451,1449,74,39],"attributes":[],"class":"3"},{"box":[508,1160,40,38],"attributes":[],"class":"2"},{"box":[520,1175,47,48],"attributes":[],"class":"2"},{"box":[514,861,94,112],"attributes":[],"class":"1"},{"attributes":[],"class":"0","points":[579,954,2,584,934,2,585,931,1]}]}