{"images":[{"filename":"[01]_[Side]_[Screen01]_[Ama01] 137.jpg","width":1080,"height":1920}],"annotations":[{"attributes":[],"class":"keypoint_club","points":[526,1030,2,0,0,0,0,0,0]},{"box":[361,853,252,690],"attributes":[],"class":"0"},{"box":[462,944,38,44],"attributes":[],"class":"2"},{"box":[484,976,48,48],"attributes":[],"class":"2"},{"box":[383,1488,136,58],"attributes":[],"class":"3"},{"box":[451,1449,71,42],"attributes":[],"class":"3"},{"box":[849,1464,22,21],"attributes":[],"class":"5"},{"box":[308,659,50,49],"attributes":[],"class":"6"},{"box":[513,862,95,107],"attributes":[],"class":"1"},{"attributes":[],"class":"0","points":[588,956,2,589,934,2,590,931,1]}]}