{"images":[{"filename":"[01]_[Side]_[Screen01]_[Ama01] 233.jpg","width":1080,"height":1920}],"annotations":[{"attributes":[],"class":"keypoint_club","points":[379,905,1,792,785,2,780,753,2]},{"box":[343,811,206,733],"attributes":[],"class":"0"},{"box":[760,736,47,63],"attributes":[],"class":"6"},{"box":[371,875,42,40],"attributes":[],"class":"2"},{"box":[346,890,41,34],"attributes":[],"class":"2"},{"box":[425,1438,95,103],"attributes":[],"class":"3"},{"box":[410,1448,46,56],"attributes":[],"class":"3"},{"box":[440,811,86,80],"attributes":[],"class":"1"},{"box":[674,931,8,9],"attributes":[],"class":"5"},{"attributes":[],"class":"0","points":[499,872,1,508,846,1,486,846,1]}]}