{"images":[{"filename":"[04]_[Front]_[Screen01]_[Ama01] 017.jpg","width":1080,"height":1920}],"annotations":[{"attributes":[],"class":"keypoint_club","points":[443,970,1,281,1577,2,309,1563,2]},{"box":[254,482,342,898],"attributes":[],"class":"0"},{"box":[405,490,133,164],"attributes":[],"class":"1"},{"box":[406,946,39,56],"attributes":[],"class":"2"},{"box":[433,934,46,64],"attributes":[],"class":"2"},{"box":[254,1309,80,67],"attributes":[],"class":"3"},{"box":[517,1321,69,53],"attributes":[],"class":"3"},{"box":[241,1556,82,63],"attributes":[],"class":"6"},{"box":[391,1545,50,53],"attributes":[],"class":"5"},{"attributes":[],"class":"0","points":[474,611,2,495,590,2,450,589,2]}]}