{"images":[{"filename":"[04]_[Front]_[Screen01]_[Ama01] 085.jpg","width":1080,"height":1920}],"annotations":[{"attributes":[],"class":"keypoint_club","points":[264,663,2,0,0,0,0,0,0]},{"box":[247,481,344,903],"attributes":[],"class":"0"},{"box":[366,483,146,180],"attributes":[],"class":"1"},{"box":[391,1543,52,58],"attributes":[],"class":"5"},{"box":[683,486,72,49],"attributes":[],"class":"6"},{"box":[313,614,49,51],"attributes":[],"class":"2"},{"box":[253,1322,96,51],"attributes":[],"class":"3"},{"box":[516,1312,73,67],"attributes":[],"class":"3"},{"box":[264,623,51,52],"attributes":[],"class":"2"},{"attributes":[],"class":"0","points":[413,622,2,438,605,2,405,601,2]}]}