{"images":[{"filename":"[04]_[Front]_[Screen01]_[Ama01] 165.jpg","width":1080,"height":1920}],"annotations":[{"attributes":[],"class":"keypoint_club","points":[631,675,1,0,0,0,0,0,0]},{"box":[245,446,418,931],"attributes":[],"class":"0"},{"box":[378,446,146,172],"attributes":[],"class":"1"},{"box":[249,1304,69,70],"attributes":[],"class":"3"},{"box":[517,1309,87,64],"attributes":[],"class":"3"},{"box":[623,649,35,29],"attributes":[],"class":"2"},{"box":[605,641,32,38],"attributes":[],"class":"2"},{"box":[803,464,67,61],"attributes":[],"class":"6"},{"attributes":[],"class":"0","points":[477,581,2,456,565,2,489,561,2]}]}