{"images":[{"filename":"[04]_[Front]_[Screen01]_[Ama01] 005.jpg","width":1080,"height":1920}],"annotations":[{"attributes":[],"class":"keypoint_club","points":[450,985,1,357,1582,2,378,1558,2]},{"box":[253,481,341,903],"attributes":[],"class":"0"},{"box":[407,482,144,178],"attributes":[],"class":"1"},{"box":[392,1544,47,54],"attributes":[],"class":"5"},{"box":[308,1555,85,66],"attributes":[],"class":"6"},{"box":[446,926,47,86],"attributes":[],"class":"2"},{"box":[416,939,45,70],"attributes":[],"class":"2"},{"box":[254,1306,98,68],"attributes":[],"class":"3"},{"box":[516,1310,73,68],"attributes":[],"class":"3"},{"attributes":[],"class":"0","points":[473,617,2,497,594,2,458,591,2]}]}