{"images":[{"filename":"[04]_[Front]_[Screen01]_[Ama01] 137.jpg","width":1080,"height":1920}],"annotations":[{"attributes":[],"class":"keypoint_club","points":[256,823,2,177,527,2,110,547,2]},{"box":[190,479,405,905],"attributes":[],"class":"0"},{"box":[513,1312,77,71],"attributes":[],"class":"3"},{"box":[248,1312,88,60],"attributes":[],"class":"3"},{"box":[393,1547,45,49],"attributes":[],"class":"5"},{"box":[207,743,49,36],"attributes":[],"class":"2"},{"box":[206,768,57,62],"attributes":[],"class":"2"},{"box":[99,505,46,47],"attributes":[],"class":"6"},{"box":[386,484,137,184],"attributes":[],"class":"1"},{"attributes":[],"class":"0","points":[446,619,2,464,602,2,428,595,2]}]}