{"images":[{"filename":"[04]_[Front]_[Screen01]_[Ama01] 105.jpg","width":1080,"height":1920}],"annotations":[{"attributes":[],"class":"keypoint_club","points":[356,630,1,831,741,2,828,711,2]},{"box":[243,481,355,897],"attributes":[],"class":"0"},{"box":[380,491,131,156],"attributes":[],"class":"1"},{"box":[810,698,45,59],"attributes":[],"class":"6"},{"box":[330,601,39,43],"attributes":[],"class":"2"},{"box":[369,603,28,53],"attributes":[],"class":"2"},{"box":[252,1309,86,58],"attributes":[],"class":"3"},{"box":[513,1318,75,56],"attributes":[],"class":"3"},{"box":[394,1547,43,47],"attributes":[],"class":"5"},{"attributes":[],"class":"0","points":[417,620,2,0,0,0,404,593,2]}]}