{"images":[{"filename":"[04]_[Front]_[Screen01]_[Ama01] 033.jpg","width":1080,"height":1920}],"annotations":[{"attributes":[],"class":"keypoint_club","points":[0,0,0,0,0,0,0,0,0]},{"box":[254,487,340,888],"attributes":[],"class":"0"},{"box":[405,491,125,174],"attributes":[],"class":"1"},{"box":[364,921,54,61],"attributes":[],"class":"2"},{"box":[332,929,43,64],"attributes":[],"class":"2"},{"box":[257,1322,67,54],"attributes":[],"class":"3"},{"box":[527,1324,60,51],"attributes":[],"class":"3"},{"box":[395,1547,41,44],"attributes":[],"class":"5"},{"attributes":[],"class":"0","points":[466,611,2,495,590,2,450,589,2]}]}