{"images":[{"filename":"[04]_[Front]_[Screen01]_[Ama01] 213.jpg","width":1080,"height":1920}],"annotations":[{"attributes":[],"class":"keypoint_club","points":[396,634,1,0,0,0,0,0,0]},{"box":[217,443,392,931],"attributes":[],"class":"0"},{"box":[216,1271,102,103],"attributes":[],"class":"3"},{"box":[513,1307,95,68],"attributes":[],"class":"3"},{"box":[403,443,141,134],"attributes":[],"class":"1"},{"box":[370,608,21,23],"attributes":[],"class":"2"},{"attributes":[],"class":"0","points":[519,552,2,521,523,1,518,535,2]}]}