{"images":[{"filename":"[04]_[Front]_[Screen01]_[Ama01] 041.jpg","width":1080,"height":1920}],"annotations":[{"attributes":[],"class":"keypoint_club","points":[0,0,0,0,0,0,0,0,0]},{"box":[394,1546,45,48],"attributes":[],"class":"5"},{"box":[251,490,337,882],"attributes":[],"class":"0"},{"box":[309,904,66,54],"attributes":[],"class":"2"},{"box":[263,910,60,55],"attributes":[],"class":"2"},{"box":[253,1305,88,68],"attributes":[],"class":"3"},{"box":[514,1298,72,75],"attributes":[],"class":"3"},{"box":[395,492,140,170],"attributes":[],"class":"1"},{"attributes":[],"class":"0","points":[466,611,2,484,596,2,444,598,2]}]}