{"images":[{"filename":"[04]_[Front]_[Screen01]_[Ama01] 037.jpg","width":1080,"height":1920}],"annotations":[{"attributes":[],"class":"keypoint_club","points":[0,0,0,0,0,0,0,0,0]},{"box":[248,487,346,895],"attributes":[],"class":"0"},{"box":[253,1312,98,62],"attributes":[],"class":"3"},{"box":[504,1306,88,74],"attributes":[],"class":"3"},{"box":[328,917,82,59],"attributes":[],"class":"2"},{"box":[298,918,50,68],"attributes":[],"class":"2"},{"box":[0,1147,47,57],"attributes":[],"class":"6"},{"box":[401,486,140,184],"attributes":[],"class":"1"},{"box":[392,1547,50,50],"attributes":[],"class":"5"},{"attributes":[],"class":"0","points":[466,611,2,484,596,2,446,596,2]}]}