{"images":[{"filename":"[04]_[Front]_[Screen01]_[Ama01] 093.jpg","width":1080,"height":1920}],"annotations":[{"attributes":[],"class":"keypoint_club","points":[324,645,1,855,614,2,820,588,2]},{"box":[260,482,335,895],"attributes":[],"class":"0"},{"box":[374,492,129,155],"attributes":[],"class":"1"},{"box":[815,582,49,52],"attributes":[],"class":"6"},{"box":[393,1546,46,50],"attributes":[],"class":"5"},{"box":[309,609,40,40],"attributes":[],"class":"2"},{"box":[334,607,31,39],"attributes":[],"class":"2"},{"box":[256,1318,85,52],"attributes":[],"class":"3"},{"box":[514,1318,77,57],"attributes":[],"class":"3"},{"attributes":[],"class":"0","points":[413,622,2,438,605,2,405,601,2]}]}