{"images":[{"filename":"[04]_[Front]_[Screen01]_[Ama01] 157.jpg","width":1080,"height":1920}],"annotations":[{"attributes":[],"class":"keypoint_club","points":[687,805,1,0,0,0,0,0,0]},{"box":[250,460,442,917],"attributes":[],"class":"0"},{"box":[363,465,142,178],"attributes":[],"class":"1"},{"box":[658,769,40,52],"attributes":[],"class":"2"},{"box":[515,1300,79,70],"attributes":[],"class":"3"},{"box":[252,1302,83,72],"attributes":[],"class":"3"},{"attributes":[],"class":"0","points":[448,595,2,460,575,2,426,579,2]}]}