{"images":[{"filename":"[04]_[Front]_[Screen01]_[Ama01] 161.jpg","width":1080,"height":1920}],"annotations":[{"attributes":[],"class":"keypoint_club","points":[674,735,1,0,0,0,0,0,0]},{"box":[251,456,444,922],"attributes":[],"class":"0"},{"box":[369,455,145,180],"attributes":[],"class":"1"},{"box":[662,701,36,46],"attributes":[],"class":"2"},{"box":[1023,576,50,47],"attributes":[],"class":"6"},{"box":[250,1306,88,73],"attributes":[],"class":"3"},{"box":[515,1306,90,69],"attributes":[],"class":"3"},{"box":[656,693,29,8],"attributes":[],"class":"2"},{"attributes":[],"class":"0","points":[463,591,2,484,559,2,446,567,2]}]}