{"images":[{"filename":"[04]_[Front]_[Screen01]_[Ama01] 141.jpg","width":1080,"height":1920}],"annotations":[{"attributes":[],"class":"keypoint_club","points":[334,875,2,0,0,0,0,0,0]},{"box":[395,1547,40,51],"attributes":[],"class":"5"},{"box":[250,1300,92,72],"attributes":[],"class":"3"},{"box":[516,1311,67,64],"attributes":[],"class":"3"},{"box":[392,484,130,178],"attributes":[],"class":"1"},{"box":[262,828,79,58],"attributes":[],"class":"2"},{"box":[233,818,58,47],"attributes":[],"class":"2"},{"box":[227,482,362,894],"attributes":[],"class":"0"},{"attributes":[],"class":"0","points":[447,615,2,433,594,2,471,596,2]}]}