{"images":[{"filename":"[04]_[Front]_[Screen01]_[Ama01] 009.jpg","width":1080,"height":1920}],"annotations":[{"attributes":[],"class":"keypoint_club","points":[453,955,1,353,1577,2,371,1563,2]},{"box":[252,482,338,898],"attributes":[],"class":"0"},{"box":[409,482,136,175],"attributes":[],"class":"1"},{"box":[417,946,46,77],"attributes":[],"class":"2"},{"box":[442,932,50,78],"attributes":[],"class":"2"},{"box":[395,1544,45,55],"attributes":[],"class":"5"},{"box":[304,1560,79,58],"attributes":[],"class":"6"},{"box":[254,1298,90,81],"attributes":[],"class":"3"},{"box":[515,1303,72,79],"attributes":[],"class":"3"},{"attributes":[],"class":"0","points":[474,611,2,495,590,2,450,589,2]}]}