{"images":[{"filename":"[04]_[Front]_[Screen01]_[Ama01] 097.jpg","width":1080,"height":1920}],"annotations":[{"attributes":[],"class":"keypoint_club","points":[344,630,1,853,675,2,846,640,2]},{"box":[256,485,335,892],"attributes":[],"class":"0"},{"box":[373,490,140,160],"attributes":[],"class":"1"},{"box":[813,626,53,60],"attributes":[],"class":"6"},{"box":[257,1297,96,74],"attributes":[],"class":"3"},{"box":[507,1291,78,84],"attributes":[],"class":"3"},{"box":[395,1545,42,48],"attributes":[],"class":"5"},{"box":[315,603,50,44],"attributes":[],"class":"2"},{"box":[349,605,46,44],"attributes":[],"class":"2"},{"attributes":[],"class":"0","points":[417,612,2,406,589,2,439,597,2]}]}