{"images":[{"filename":"[04]_[Front]_[Screen01]_[Ama01] 029.jpg","width":1080,"height":1920}],"annotations":[{"attributes":[],"class":"keypoint_club","points":[403,945,1,0,0,0,214,1224,2]},{"box":[397,489,141,175],"attributes":[],"class":"1"},{"box":[360,939,25,50],"attributes":[],"class":"2"},{"box":[381,944,39,61],"attributes":[],"class":"2"},{"box":[251,1298,94,73],"attributes":[],"class":"3"},{"box":[508,1307,75,71],"attributes":[],"class":"3"},{"box":[397,1544,38,54],"attributes":[],"class":"5"},{"box":[0,1503,20,72],"attributes":[],"class":"6"},{"box":[245,489,338,891],"attributes":[],"class":"0"},{"attributes":[],"class":"0","points":[466,611,2,495,590,2,450,589,2]}]}