{"images":[{"filename":"[04]_[Front]_[Screen01]_[Ama01] 081.jpg","width":1080,"height":1920}],"annotations":[{"attributes":[],"class":"keypoint_club","points":[277,668,1,619,496,2,556,494,2]},{"box":[242,489,349,890],"attributes":[],"class":"0"},{"box":[369,487,137,179],"attributes":[],"class":"1"},{"box":[253,1294,85,76],"attributes":[],"class":"3"},{"box":[520,1312,66,65],"attributes":[],"class":"3"},{"box":[394,1547,43,48],"attributes":[],"class":"5"},{"box":[246,640,50,42],"attributes":[],"class":"2"},{"box":[288,636,37,37],"attributes":[],"class":"2"},{"attributes":[],"class":"0","points":[419,622,2,443,607,2,413,602,2]}]}