{"images":[{"filename":"[04]_[Front]_[Screen01]_[Ama01] 133.jpg","width":1080,"height":1920}],"annotations":[{"attributes":[],"class":"keypoint_club","points":[226,772,2,410,468,2,363,472,2]},{"box":[324,510,56,52],"attributes":[],"class":"6"},{"box":[221,699,46,39],"attributes":[],"class":"2"},{"box":[211,713,34,52],"attributes":[],"class":"2"},{"box":[391,483,136,182],"attributes":[],"class":"1"},{"box":[250,1303,99,68],"attributes":[],"class":"3"},{"box":[512,1313,83,67],"attributes":[],"class":"3"},{"box":[392,1543,49,56],"attributes":[],"class":"5"},{"box":[207,487,389,896],"attributes":[],"class":"0"},{"attributes":[],"class":"0","points":[443,618,2,464,602,2,428,595,2]}]}