{"images":[{"filename":"[04]_[Front]_[Screen01]_[Ama01] 209.jpg","width":1080,"height":1920}],"annotations":[{"attributes":[],"class":"keypoint_club","points":[402,639,1,0,0,0,0,0,0]},{"box":[0,643,4,50],"attributes":[],"class":"6"},{"box":[217,447,387,929],"attributes":[],"class":"0"},{"box":[220,1279,92,95],"attributes":[],"class":"3"},{"box":[517,1311,88,63],"attributes":[],"class":"3"},{"box":[404,450,139,138],"attributes":[],"class":"1"},{"attributes":[],"class":"0","points":[519,552,2,521,523,1,518,535,2]}]}