{"images":[{"filename":"[04]_[Front]_[Screen01]_[Ama01] 045.jpg","width":1080,"height":1920}],"annotations":[{"attributes":[],"class":"keypoint_club","points":[0,0,0,0,0,0,0,0,0]},{"box":[236,493,350,884],"attributes":[],"class":"0"},{"box":[393,1546,43,52],"attributes":[],"class":"5"},{"box":[275,888,62,61],"attributes":[],"class":"2"},{"box":[236,893,47,48],"attributes":[],"class":"2"},{"box":[393,495,136,174],"attributes":[],"class":"1"},{"box":[254,1301,74,68],"attributes":[],"class":"3"},{"box":[519,1310,68,66],"attributes":[],"class":"3"},{"attributes":[],"class":"0","points":[466,611,2,484,596,2,444,598,2]}]}