{"images":[{"filename":"[04]_[Front]_[Screen01]_[Ama01] 125.jpg","width":1080,"height":1920}],"annotations":[{"attributes":[],"class":"keypoint_club","points":[293,663,1,759,535,2,728,500,2]},{"box":[394,1546,45,48],"attributes":[],"class":"5"},{"box":[253,488,338,893],"attributes":[],"class":"0"},{"box":[719,496,41,36],"attributes":[],"class":"6"},{"box":[254,641,52,41],"attributes":[],"class":"2"},{"box":[301,636,48,38],"attributes":[],"class":"2"},{"box":[251,1304,91,65],"attributes":[],"class":"3"},{"box":[515,1312,73,69],"attributes":[],"class":"3"},{"attributes":[],"class":"0","points":[429,619,2,449,601,2,413,594,2]}]}