{"images":[{"filename":"[04]_[Front]_[Screen01]_[Ama01] 149.jpg","width":1080,"height":1920}],"annotations":[{"attributes":[],"class":"keypoint_club","points":[525,928,1,0,0,0,0,0,0]},{"box":[256,475,349,902],"attributes":[],"class":"0"},{"box":[375,476,134,174],"attributes":[],"class":"1"},{"box":[490,1220,102,40],"attributes":[],"class":"6"},{"box":[480,912,69,45],"attributes":[],"class":"2"},{"box":[247,1298,103,75],"attributes":[],"class":"3"},{"box":[513,1293,72,82],"attributes":[],"class":"3"},{"box":[501,870,58,44],"attributes":[],"class":"2"},{"attributes":[],"class":"0","points":[441,614,2,428,586,2,466,590,2]}]}