{"images":[{"filename":"[04]_[Front]_[Screen01]_[Ama01] 061.jpg","width":1080,"height":1920}],"annotations":[{"attributes":[],"class":"keypoint_club","points":[0,0,0,0,0,0,0,0,0]},{"box":[181,493,406,884],"attributes":[],"class":"0"},{"box":[384,492,136,179],"attributes":[],"class":"1"},{"box":[181,770,53,41],"attributes":[],"class":"2"},{"box":[191,780,44,54],"attributes":[],"class":"2"},{"box":[253,1300,91,71],"attributes":[],"class":"3"},{"box":[517,1311,69,66],"attributes":[],"class":"3"},{"box":[394,1546,45,50],"attributes":[],"class":"5"},{"attributes":[],"class":"0","points":[447,625,2,471,606,2,432,603,2]}]}