{"images":[{"filename":"[04]_[Front]_[Screen01]_[Ama01] 001.jpg","width":1080,"height":1920}],"annotations":[{"attributes":[],"class":"keypoint_club","points":[450,952,1,352,1579,2,377,1561,2]},{"box":[408,481,138,179],"attributes":[],"class":"1"},{"box":[420,947,54,66],"attributes":[],"class":"2"},{"box":[447,930,43,60],"attributes":[],"class":"2"},{"box":[311,1557,78,60],"attributes":[],"class":"6"},{"box":[394,1546,43,53],"attributes":[],"class":"5"},{"box":[255,1305,75,68],"attributes":[],"class":"3"},{"box":[518,1308,68,69],"attributes":[],"class":"3"},{"box":[255,478,331,900],"attributes":[],"class":"0"},{"attributes":[],"class":"0","points":[474,611,2,495,590,2,450,589,2]}]}