{"images":[{"filename":"[04]_[Front]_[Screen01]_[Ama01] 129.jpg","width":1080,"height":1920}],"annotations":[{"attributes":[],"class":"keypoint_club","points":[0,0,0,619,483,2,573,470,2]},{"box":[214,480,385,895],"attributes":[],"class":"0"},{"box":[382,485,134,168],"attributes":[],"class":"1"},{"box":[222,668,48,48],"attributes":[],"class":"2"},{"box":[265,658,36,42],"attributes":[],"class":"2"},{"box":[554,452,64,78],"attributes":[],"class":"6"},{"box":[249,1318,77,52],"attributes":[],"class":"3"},{"box":[509,1319,77,55],"attributes":[],"class":"3"},{"box":[390,1547,51,50],"attributes":[],"class":"5"},{"attributes":[],"class":"0","points":[435,619,2,459,602,2,421,595,2]}]}