{"images":[{"filename":"[04]_[Front]_[Screen01]_[Ama01] 049.jpg","width":1080,"height":1920}],"annotations":[{"attributes":[],"class":"keypoint_club","points":[254,898,1,0,0,0,0,0,0]},{"box":[394,1547,44,52],"attributes":[],"class":"5"},{"box":[254,1300,89,70],"attributes":[],"class":"3"},{"box":[515,1311,73,64],"attributes":[],"class":"3"},{"box":[246,869,61,55],"attributes":[],"class":"2"},{"box":[204,862,55,56],"attributes":[],"class":"2"},{"box":[391,494,134,175],"attributes":[],"class":"1"},{"box":[206,492,384,882],"attributes":[],"class":"0"},{"attributes":[],"class":"0","points":[457,626,2,484,596,2,444,598,2]}]}