{"images":[{"filename":"[04]_[Front]_[Screen01]_[Ama01] 229.jpg","width":1080,"height":1920}],"annotations":[{"attributes":[],"class":"keypoint_club","points":[400,627,1,0,0,0,0,0,0]},{"box":[213,445,392,933],"attributes":[],"class":"0"},{"box":[214,1278,99,99],"attributes":[],"class":"3"},{"box":[512,1304,92,74],"attributes":[],"class":"3"},{"box":[402,445,139,133],"attributes":[],"class":"1"},{"box":[380,598,21,16],"attributes":[],"class":"2"},{"attributes":[],"class":"0","points":[519,552,2,521,523,1,518,535,2]}]}