{"images":[{"filename":"[04]_[Front]_[Screen01]_[Ama01] 225.jpg","width":1080,"height":1920}],"annotations":[{"attributes":[],"class":"keypoint_club","points":[403,623,1,0,0,0,0,0,0]},{"box":[218,439,390,939],"attributes":[],"class":"0"},{"box":[401,446,142,127],"attributes":[],"class":"1"},{"box":[372,600,20,14],"attributes":[],"class":"2"},{"box":[215,1275,105,102],"attributes":[],"class":"3"},{"box":[515,1296,96,81],"attributes":[],"class":"3"},{"attributes":[],"class":"0","points":[519,552,2,521,523,1,518,535,2]}]}