{"images":[{"filename":"[04]_[Front]_[Screen01]_[Ama01] 121.jpg","width":1080,"height":1920}],"annotations":[{"attributes":[],"class":"keypoint_club","points":[327,642,1,829,594,2,799,559,2]},{"box":[252,484,335,893],"attributes":[],"class":"0"},{"box":[393,1545,43,52],"attributes":[],"class":"5"},{"box":[244,1292,100,76],"attributes":[],"class":"3"},{"box":[518,1311,70,67],"attributes":[],"class":"3"},{"box":[378,484,136,173],"attributes":[],"class":"1"},{"box":[284,624,51,36],"attributes":[],"class":"2"},{"box":[330,625,43,49],"attributes":[],"class":"2"},{"box":[777,557,60,53],"attributes":[],"class":"6"},{"attributes":[],"class":"0","points":[429,619,2,449,601,2,413,594,2]}]}