{"images":[{"filename":"[04]_[Front]_[Screen01]_[Ama01] 117.jpg","width":1080,"height":1920}],"annotations":[{"attributes":[],"class":"keypoint_club","points":[342,639,1,846,658,2,844,627,2]},{"box":[246,478,351,903],"attributes":[],"class":"0"},{"box":[372,477,142,187],"attributes":[],"class":"1"},{"box":[299,612,60,58],"attributes":[],"class":"2"},{"box":[343,621,50,51],"attributes":[],"class":"2"},{"box":[252,1321,94,53],"attributes":[],"class":"3"},{"box":[510,1309,79,73],"attributes":[],"class":"3"},{"box":[392,1545,46,53],"attributes":[],"class":"5"},{"box":[808,620,57,56],"attributes":[],"class":"6"},{"attributes":[],"class":"0","points":[417,619,2,441,602,2,407,591,2]}]}