{"images":[{"filename":"[04]_[Front]_[Screen01]_[Ama01] 021.jpg","width":1080,"height":1920}],"annotations":[{"attributes":[],"class":"keypoint_club","points":[438,963,1,213,1573,2,241,1554,2]},{"box":[251,487,340,890],"attributes":[],"class":"0"},{"box":[425,928,50,58],"attributes":[],"class":"2"},{"box":[398,943,53,60],"attributes":[],"class":"2"},{"box":[254,1302,87,70],"attributes":[],"class":"3"},{"box":[513,1306,73,71],"attributes":[],"class":"3"},{"box":[166,1557,85,58],"attributes":[],"class":"6"},{"box":[394,1546,45,48],"attributes":[],"class":"5"},{"box":[404,487,136,172],"attributes":[],"class":"1"},{"attributes":[],"class":"0","points":[474,611,2,495,590,2,450,589,2]}]}