{"images":[{"filename":"[04]_[Front]_[Screen01]_[Ama01] 153.jpg","width":1080,"height":1920}],"annotations":[{"attributes":[],"class":"keypoint_club","points":[628,895,1,0,0,0,0,0,0]},{"box":[244,464,418,915],"attributes":[],"class":"0"},{"box":[369,469,140,186],"attributes":[],"class":"1"},{"box":[695,913,63,56],"attributes":[],"class":"6"},{"box":[596,848,59,57],"attributes":[],"class":"2"},{"box":[250,1303,88,70],"attributes":[],"class":"3"},{"box":[517,1299,77,76],"attributes":[],"class":"3"},{"box":[581,826,44,26],"attributes":[],"class":"2"},{"attributes":[],"class":"0","points":[443,608,2,460,575,2,426,579,2]}]}