{"images":[{"filename":"[04]_[Front]_[Screen01]_[Ama01] 053.jpg","width":1080,"height":1920}],"annotations":[{"attributes":[],"class":"keypoint_club","points":[0,0,0,0,0,0,0,0,0]},{"box":[180,496,410,879],"attributes":[],"class":"0"},{"box":[219,844,56,57],"attributes":[],"class":"2"},{"box":[197,830,54,51],"attributes":[],"class":"2"},{"box":[392,504,126,169],"attributes":[],"class":"1"},{"box":[393,1548,47,50],"attributes":[],"class":"5"},{"box":[255,1323,88,46],"attributes":[],"class":"3"},{"box":[520,1320,67,54],"attributes":[],"class":"3"},{"attributes":[],"class":"0","points":[457,626,2,482,603,2,438,601,2]}]}