{"images":[{"filename":"[04]_[Front]_[Screen01]_[Ama01] 181.jpg","width":1080,"height":1920}],"annotations":[{"attributes":[],"class":"keypoint_club","points":[455,621,1,47,502,2,94,472,2]},{"box":[413,424,159,164],"attributes":[],"class":"1"},{"box":[36,470,51,46],"attributes":[],"class":"6"},{"box":[218,1265,100,113],"attributes":[],"class":"3"},{"box":[518,1309,87,69],"attributes":[],"class":"3"},{"box":[223,427,385,954],"attributes":[],"class":"0"},{"attributes":[],"class":"0","points":[526,548,2,529,529,1,509,535,2]}]}