{"images":[{"filename":"[04]_[Front]_[Screen01]_[Ama01] 073.jpg","width":1080,"height":1920}],"annotations":[{"attributes":[],"class":"keypoint_club","points":[230,738,2,0,0,0,0,0,0]},{"box":[212,489,382,894],"attributes":[],"class":"0"},{"box":[369,490,148,186],"attributes":[],"class":"1"},{"box":[214,690,53,49],"attributes":[],"class":"2"},{"box":[232,669,46,41],"attributes":[],"class":"2"},{"box":[345,459,61,42],"attributes":[],"class":"6"},{"box":[253,1304,94,68],"attributes":[],"class":"3"},{"box":[511,1312,81,67],"attributes":[],"class":"3"},{"box":[391,1546,49,52],"attributes":[],"class":"5"},{"attributes":[],"class":"0","points":[427,631,2,0,0,0,415,602,2]}]}