{"images":[{"filename":"[04]_[Front]_[Screen01]_[Ama01] 109.jpg","width":1080,"height":1920}],"annotations":[{"attributes":[],"class":"keypoint_club","points":[351,630,1,829,740,2,828,709,2]},{"box":[394,1547,44,52],"attributes":[],"class":"5"},{"box":[254,1300,89,70],"attributes":[],"class":"3"},{"box":[515,1311,73,64],"attributes":[],"class":"3"},{"box":[376,481,134,175],"attributes":[],"class":"1"},{"box":[253,481,335,894],"attributes":[],"class":"0"},{"box":[324,603,69,46],"attributes":[],"class":"2"},{"box":[532,175,65,78],"attributes":[],"class":"6"},{"attributes":[],"class":"0","points":[416,612,2,403,593,2,452,600,2]}]}