{"images":[{"filename":"[04]_[Front]_[Screen01]_[Ama01] 145.jpg","width":1080,"height":1920}],"annotations":[{"attributes":[],"class":"keypoint_club","points":[369,904,1,47,1161,2,66,1127,2]},{"box":[394,1546,45,48],"attributes":[],"class":"5"},{"box":[247,480,348,894],"attributes":[],"class":"0"},{"box":[8,1112,69,55],"attributes":[],"class":"6"},{"box":[339,889,70,49],"attributes":[],"class":"2"},{"box":[380,863,77,61],"attributes":[],"class":"2"},{"box":[247,1308,99,64],"attributes":[],"class":"3"},{"box":[517,1303,69,71],"attributes":[],"class":"3"},{"box":[389,481,130,179],"attributes":[],"class":"1"},{"attributes":[],"class":"0","points":[447,618,2,421,594,2,470,589,2]}]}