{"images":[{"filename":"[04]_[Front]_[Screen01]_[Ama01] 077.jpg","width":1080,"height":1920}],"annotations":[{"attributes":[],"class":"keypoint_club","points":[261,685,1,512,481,2,471,474,2]},{"box":[232,496,358,881],"attributes":[],"class":"0"},{"box":[467,461,56,42],"attributes":[],"class":"6"},{"box":[267,657,41,40],"attributes":[],"class":"2"},{"box":[233,662,42,45],"attributes":[],"class":"2"},{"box":[251,1303,92,61],"attributes":[],"class":"3"},{"box":[516,1307,70,68],"attributes":[],"class":"3"},{"box":[394,1546,45,48],"attributes":[],"class":"5"},{"box":[369,497,139,168],"attributes":[],"class":"1"},{"attributes":[],"class":"0","points":[424,626,2,443,607,2,413,602,2]}]}