{"images":[{"filename":"[04]_[Front]_[Screen01]_[Ama01] 013.jpg","width":1080,"height":1920}],"annotations":[{"attributes":[],"class":"keypoint_club","points":[444,977,1,330,1579,2,352,1560,2]},{"box":[253,477,338,899],"attributes":[],"class":"0"},{"box":[409,484,133,174],"attributes":[],"class":"1"},{"box":[283,1556,81,62],"attributes":[],"class":"6"},{"box":[394,1547,44,51],"attributes":[],"class":"5"},{"box":[255,1298,80,71],"attributes":[],"class":"3"},{"box":[519,1305,66,69],"attributes":[],"class":"3"},{"box":[417,946,36,64],"attributes":[],"class":"2"},{"box":[445,931,43,66],"attributes":[],"class":"2"},{"attributes":[],"class":"0","points":[474,611,2,495,590,2,450,589,2]}]}