{"images":[{"filename":"[04]_[Front]_[Screen01]_[Ama01] 101.jpg","width":1080,"height":1920}],"annotations":[{"attributes":[],"class":"keypoint_club","points":[347,623,1,844,721,2,838,686,2]},{"box":[248,488,344,890],"attributes":[],"class":"0"},{"box":[826,680,36,51],"attributes":[],"class":"6"},{"box":[364,607,43,42],"attributes":[],"class":"2"},{"box":[320,602,50,45],"attributes":[],"class":"2"},{"box":[252,1305,92,61],"attributes":[],"class":"3"},{"box":[518,1311,68,64],"attributes":[],"class":"3"},{"box":[394,1546,45,48],"attributes":[],"class":"5"},{"box":[368,487,141,153],"attributes":[],"class":"1"},{"attributes":[],"class":"0","points":[414,619,2,438,605,2,405,601,2]}]}