{"images":[{"filename":"[04]_[Front]_[Screen01]_[Ama01] 201.jpg","width":1080,"height":1920}],"annotations":[{"attributes":[],"class":"keypoint_club","points":[401,634,1,0,0,0,0,0,0]},{"box":[213,452,395,924],"attributes":[],"class":"0"},{"box":[402,464,142,122],"attributes":[],"class":"1"},{"box":[217,1282,97,89],"attributes":[],"class":"3"},{"box":[515,1306,88,66],"attributes":[],"class":"3"},{"box":[378,625,9,9],"attributes":[],"class":"2"},{"attributes":[],"class":"0","points":[519,552,2,521,523,1,518,535,2]}]}