{"images":[{"filename":"[04]_[Front]_[Screen01]_[Ama01] 069.jpg","width":1080,"height":1920}],"annotations":[{"attributes":[],"class":"keypoint_club","points":[237,749,1,0,0,0,0,0,0]},{"box":[202,497,388,886],"attributes":[],"class":"0"},{"box":[377,498,138,183],"attributes":[],"class":"1"},{"box":[204,701,54,30],"attributes":[],"class":"2"},{"box":[205,727,30,39],"attributes":[],"class":"2"},{"box":[253,1311,89,59],"attributes":[],"class":"3"},{"box":[516,1319,71,61],"attributes":[],"class":"3"},{"box":[394,1546,43,50],"attributes":[],"class":"5"},{"attributes":[],"class":"0","points":[434,628,2,456,605,2,426,603,2]}]}