{"images":[{"filename":"[04]_[Front]_[Screen01]_[Ama01] 065.jpg","width":1080,"height":1920}],"annotations":[{"attributes":[],"class":"keypoint_club","points":[214,767,1,103,554,2,73,579,2]},{"box":[190,493,401,882],"attributes":[],"class":"0"},{"box":[61,532,49,53],"attributes":[],"class":"6"},{"box":[189,736,46,57],"attributes":[],"class":"2"},{"box":[250,1314,83,54],"attributes":[],"class":"3"},{"box":[519,1318,67,58],"attributes":[],"class":"3"},{"box":[390,499,122,161],"attributes":[],"class":"1"},{"box":[394,1547,44,48],"attributes":[],"class":"5"},{"attributes":[],"class":"0","points":[440,628,2,471,606,2,432,603,2]}]}