{"images":[{"filename":"[04]_[Front]_[Screen01]_[Ama01] 025.jpg","width":1080,"height":1920}],"annotations":[{"attributes":[],"class":"keypoint_club","points":[419,974,1,101,1555,2,128,1540,2]},{"box":[249,488,338,887],"attributes":[],"class":"0"},{"box":[403,488,134,176],"attributes":[],"class":"1"},{"box":[413,928,53,64],"attributes":[],"class":"2"},{"box":[385,943,52,66],"attributes":[],"class":"2"},{"box":[254,1300,86,72],"attributes":[],"class":"3"},{"box":[516,1309,70,65],"attributes":[],"class":"3"},{"box":[57,1528,109,68],"attributes":[],"class":"6"},{"box":[395,1546,43,53],"attributes":[],"class":"5"},{"attributes":[],"class":"0","points":[474,611,2,495,590,2,450,589,2]}]}