{"images":[{"filename":"[04]_[Front]_[Screen01]_[Ama01] 217.jpg","width":1080,"height":1920}],"annotations":[{"attributes":[],"class":"keypoint_club","points":[410,624,1,0,0,0,0,0,0]},{"box":[219,1274,95,103],"attributes":[],"class":"3"},{"box":[510,1305,102,73],"attributes":[],"class":"3"},{"box":[218,447,392,930],"attributes":[],"class":"0"},{"box":[403,450,138,123],"attributes":[],"class":"1"},{"box":[370,609,16,15],"attributes":[],"class":"2"},{"attributes":[],"class":"0","points":[519,552,2,521,523,1,518,535,2]}]}