{"images":[{"filename":"[04]_[Front]_[Screen01]_[Ama01] 237.jpg","width":1080,"height":1920}],"annotations":[{"attributes":[],"class":"keypoint_club","points":[414,611,1,0,0,0,0,0,0]},{"box":[219,445,398,932],"attributes":[],"class":"0"},{"box":[401,445,146,137],"attributes":[],"class":"1"},{"box":[391,595,11,8],"attributes":[],"class":"2"},{"box":[217,1278,99,97],"attributes":[],"class":"3"},{"box":[510,1288,100,90],"attributes":[],"class":"3"},{"attributes":[],"class":"0","points":[519,552,2,521,523,1,518,535,2]}]}