{"images":[{"filename":"[04]_[Front]_[Screen01]_[Ama01] 177.jpg","width":1080,"height":1920}],"annotations":[{"attributes":[],"class":"keypoint_club","points":[516,603,1,199,458,2,267,469,2]},{"box":[227,426,379,953],"attributes":[],"class":"0"},{"box":[409,426,154,166],"attributes":[],"class":"1"},{"box":[229,1284,86,96],"attributes":[],"class":"3"},{"box":[513,1305,91,73],"attributes":[],"class":"3"},{"box":[185,428,63,72],"attributes":[],"class":"6"},{"attributes":[],"class":"0","points":[526,548,2,529,529,1,503,537,2]}]}