{"images":[{"filename":"[04]_[Front]_[Screen01]_[Ama01] 113.jpg","width":1080,"height":1920}],"annotations":[{"attributes":[],"class":"keypoint_club","points":[355,628,1,841,719,2,838,681,2]},{"box":[245,480,345,900],"attributes":[],"class":"0"},{"box":[374,480,142,178],"attributes":[],"class":"1"},{"box":[823,670,41,57],"attributes":[],"class":"6"},{"box":[321,609,50,39],"attributes":[],"class":"2"},{"box":[356,604,29,49],"attributes":[],"class":"2"},{"box":[515,1313,74,68],"attributes":[],"class":"3"},{"box":[251,1301,87,76],"attributes":[],"class":"3"},{"box":[395,1544,43,54],"attributes":[],"class":"5"},{"attributes":[],"class":"0","points":[417,619,2,441,602,2,407,591,2]}]}