{"images":[{"filename":"[04]_[Front]_[Screen01]_[Ama01] 057.jpg","width":1080,"height":1920}],"annotations":[{"attributes":[],"class":"keypoint_club","points":[0,0,0,0,0,0,0,0,0]},{"box":[173,497,417,875],"attributes":[],"class":"0"},{"box":[199,815,54,48],"attributes":[],"class":"2"},{"box":[179,801,54,42],"attributes":[],"class":"2"},{"box":[255,1304,82,63],"attributes":[],"class":"3"},{"box":[510,1309,74,64],"attributes":[],"class":"3"},{"box":[394,1546,45,48],"attributes":[],"class":"5"},{"box":[387,499,137,172],"attributes":[],"class":"1"},{"attributes":[],"class":"0","points":[453,625,2,473,604,2,438,601,2]}]}