{"images":[{"filename":"[04]_[Front]_[Screen01]_[Ama01] 169.jpg","width":1080,"height":1920}],"annotations":[{"attributes":[],"class":"keypoint_club","points":[600,641,1,587,422,2,625,428,2]},{"box":[237,430,402,960],"attributes":[],"class":"0"},{"box":[397,444,122,154],"attributes":[],"class":"1"},{"box":[580,624,38,27],"attributes":[],"class":"2"},{"box":[579,406,50,37],"attributes":[],"class":"6"},{"box":[248,1303,69,72],"attributes":[],"class":"3"},{"box":[520,1311,86,64],"attributes":[],"class":"3"},{"attributes":[],"class":"0","points":[498,560,2,509,537,2,483,544,2]}]}