{"images":[{"filename":"[04]_[Front]_[Screen01]_[Ama01] 173.jpg","width":1080,"height":1920}],"annotations":[{"attributes":[],"class":"keypoint_club","points":[554,634,1,381,416,2,418,412,2]},{"box":[242,432,378,948],"attributes":[],"class":"0"},{"box":[514,1295,94,83],"attributes":[],"class":"3"},{"box":[242,1286,76,89],"attributes":[],"class":"3"},{"box":[397,431,157,163],"attributes":[],"class":"1"},{"box":[377,397,42,32],"attributes":[],"class":"6"},{"box":[540,607,20,16],"attributes":[],"class":"2"},{"attributes":[],"class":"0","points":[516,550,2,516,534,1,499,540,2]}]}