{"images":[{"filename":"[07]_[Front]_[Screen01]_[Ama01] 209.jpg","width":1080,"height":1920}],"annotations":[{"attributes":[],"class":"keypoint_club","points":[504,539,1,229,587,2,215,530,2]},{"box":[202,332,451,1097],"attributes":[],"class":"0"},{"box":[478,331,175,180],"attributes":[],"class":"1"},{"box":[192,523,67,83],"attributes":[],"class":"6"},{"box":[200,1289,131,139],"attributes":[],"class":"3"},{"box":[539,1330,95,98],"attributes":[],"class":"3"},{"attributes":[],"class":"0","points":[615,470,2,603,450,2,611,445,1]}]}