{"images":[{"filename":"[07]_[Front]_[Screen01]_[Ama01] 041.jpg","width":1080,"height":1920}],"annotations":[{"attributes":[],"class":"keypoint_club","points":[322,900,2,0,0,0,0,0,0]},{"box":[229,433,398,993],"attributes":[],"class":"0"},{"box":[439,432,162,211],"attributes":[],"class":"1"},{"box":[284,872,61,78],"attributes":[],"class":"2"},{"box":[241,873,44,62],"attributes":[],"class":"2"},{"box":[264,1332,100,83],"attributes":[],"class":"3"},{"box":[546,1344,82,75],"attributes":[],"class":"3"},{"box":[434,1553,48,48],"attributes":[],"class":"5"},{"attributes":[],"class":"0","points":[516,595,2,497,561,2,542,565,2]}]}