{"images":[{"filename":"[07]_[Front]_[Screen01]_[Ama01] 205.jpg","width":1080,"height":1920}],"annotations":[{"attributes":[],"class":"keypoint_club","points":[506,538,1,241,631,2,219,573,2]},{"box":[197,333,454,1095],"attributes":[],"class":"0"},{"box":[475,342,165,164],"attributes":[],"class":"1"},{"box":[205,564,61,76],"attributes":[],"class":"6"},{"box":[434,516,34,23],"attributes":[],"class":"2"},{"box":[204,1303,125,121],"attributes":[],"class":"3"},{"box":[540,1315,98,102],"attributes":[],"class":"3"},{"attributes":[],"class":"0","points":[615,470,2,603,450,2,611,445,1]}]}