{"images":[{"filename":"[07]_[Front]_[Screen01]_[Ama01] 061.jpg","width":1080,"height":1920}],"annotations":[{"attributes":[],"class":"keypoint_club","points":[256,765,2,125,444,2,104,466,2]},{"box":[200,424,427,1000],"attributes":[],"class":"0"},{"box":[423,422,172,227],"attributes":[],"class":"1"},{"box":[91,444,46,32],"attributes":[],"class":"6"},{"box":[201,673,65,36],"attributes":[],"class":"2"},{"box":[207,697,52,57],"attributes":[],"class":"2"},{"box":[259,1337,105,79],"attributes":[],"class":"3"},{"box":[543,1341,83,82],"attributes":[],"class":"3"},{"box":[436,1553,45,50],"attributes":[],"class":"5"},{"attributes":[],"class":"0","points":[486,592,2,477,562,2,523,571,2]}]}