{"images":[{"filename":"[07]_[Front]_[Screen01]_[Ama01] 069.jpg","width":1080,"height":1920}],"annotations":[{"attributes":[],"class":"keypoint_club","points":[253,692,2,430,369,2,394,382,2]},{"box":[234,426,400,997],"attributes":[],"class":"0"},{"box":[416,425,156,199],"attributes":[],"class":"1"},{"box":[397,362,48,31],"attributes":[],"class":"6"},{"box":[437,1553,42,45],"attributes":[],"class":"5"},{"box":[259,1334,116,76],"attributes":[],"class":"3"},{"box":[540,1341,90,81],"attributes":[],"class":"3"},{"box":[235,635,43,41],"attributes":[],"class":"2"},{"box":[253,601,46,46],"attributes":[],"class":"2"},{"attributes":[],"class":"0","points":[474,586,2,458,561,2,502,566,2]}]}