{"images":[{"filename":"[07]_[Front]_[Screen01]_[Ama01] 229.jpg","width":1080,"height":1920}],"annotations":[{"attributes":[],"class":"keypoint_club","points":[485,538,1,153,427,2,143,378,2]},{"box":[198,335,458,1098],"attributes":[],"class":"0"},{"box":[492,338,151,163],"attributes":[],"class":"1"},{"box":[118,372,50,67],"attributes":[],"class":"6"},{"box":[202,1295,128,135],"attributes":[],"class":"3"},{"box":[536,1316,98,105],"attributes":[],"class":"3"},{"box":[459,516,23,17],"attributes":[],"class":"2"},{"attributes":[],"class":"0","points":[615,482,2,610,459,2,619,461,1]}]}