{"images":[{"filename":"[07]_[Front]_[Screen01]_[Ama01] 033.jpg","width":1080,"height":1920}],"annotations":[{"attributes":[],"class":"keypoint_club","points":[410,935,2,0,0,0,0,0,0]},{"box":[262,421,374,1000],"attributes":[],"class":"0"},{"box":[442,422,155,214],"attributes":[],"class":"1"},{"box":[314,924,58,83],"attributes":[],"class":"2"},{"box":[355,914,59,78],"attributes":[],"class":"2"},{"box":[263,1336,111,86],"attributes":[],"class":"3"},{"box":[545,1338,80,87],"attributes":[],"class":"3"},{"box":[437,1552,44,51],"attributes":[],"class":"5"},{"attributes":[],"class":"0","points":[516,595,2,497,561,2,542,559,2]}]}