{"images":[{"filename":"[07]_[Front]_[Screen01]_[Ama01] 189.jpg","width":1080,"height":1920}],"annotations":[{"attributes":[],"class":"keypoint_club","points":[499,529,1,101,648,2,69,602,2]},{"box":[52,585,57,73],"attributes":[],"class":"6"},{"box":[472,328,172,172],"attributes":[],"class":"1"},{"box":[418,505,50,32],"attributes":[],"class":"2"},{"box":[202,1298,124,127],"attributes":[],"class":"3"},{"box":[540,1314,91,104],"attributes":[],"class":"3"},{"box":[201,332,448,1087],"attributes":[],"class":"0"},{"attributes":[],"class":"0","points":[615,470,2,603,450,2,611,445,1]}]}