{"images":[{"filename":"[07]_[Front]_[Screen01]_[Ama01] 213.jpg","width":1080,"height":1920}],"annotations":[{"attributes":[],"class":"keypoint_club","points":[499,551,1,227,549,2,200,486,2]},{"box":[197,331,472,1093],"attributes":[],"class":"0"},{"box":[175,477,65,82],"attributes":[],"class":"6"},{"box":[479,335,170,150],"attributes":[],"class":"1"},{"box":[204,1295,122,128],"attributes":[],"class":"3"},{"box":[540,1335,92,87],"attributes":[],"class":"3"},{"box":[441,519,37,16],"attributes":[],"class":"2"},{"attributes":[],"class":"0","points":[620,473,2,0,0,0,605,447,1]}]}