{"images":[{"filename":"[07]_[Front]_[Screen01]_[Ama01] 017.jpg","width":1080,"height":1920}],"annotations":[{"attributes":[],"class":"keypoint_club","points":[494,963,1,291,1559,2,326,1571,2]},{"box":[256,427,378,997],"attributes":[],"class":"0"},{"box":[445,427,164,191],"attributes":[],"class":"1"},{"box":[276,1532,50,64],"attributes":[],"class":"6"},{"box":[437,1555,41,44],"attributes":[],"class":"5"},{"box":[264,1341,84,72],"attributes":[],"class":"3"},{"box":[551,1343,72,81],"attributes":[],"class":"3"},{"box":[431,963,50,67],"attributes":[],"class":"2"},{"box":[467,943,47,67],"attributes":[],"class":"2"},{"attributes":[],"class":"0","points":[517,586,2,496,559,2,540,563,2]}]}