{"images":[{"filename":"[07]_[Front]_[Screen01]_[Ama01] 125.jpg","width":1080,"height":1920}],"annotations":[{"attributes":[],"class":"keypoint_club","points":[0,0,0,616,437,2,559,425,2]},{"box":[224,406,412,1022],"attributes":[],"class":"0"},{"box":[409,406,166,218],"attributes":[],"class":"1"},{"box":[435,1550,49,54],"attributes":[],"class":"5"},{"box":[570,407,52,36],"attributes":[],"class":"6"},{"box":[272,600,49,43],"attributes":[],"class":"2"},{"box":[228,613,56,66],"attributes":[],"class":"2"},{"box":[257,1335,115,86],"attributes":[],"class":"3"},{"box":[543,1333,84,93],"attributes":[],"class":"3"},{"attributes":[],"class":"0","points":[468,579,2,454,554,2,491,559,2]}]}