{"images":[{"filename":"[07]_[Front]_[Screen01]_[Ama01] 141.jpg","width":1080,"height":1920}],"annotations":[{"attributes":[],"class":"keypoint_club","points":[437,923,1,0,0,0,0,0,0]},{"box":[436,1550,45,55],"attributes":[],"class":"5"},{"box":[253,1322,117,100],"attributes":[],"class":"3"},{"box":[533,1307,91,118],"attributes":[],"class":"3"},{"box":[370,922,86,54],"attributes":[],"class":"2"},{"box":[401,876,80,71],"attributes":[],"class":"2"},{"box":[390,407,194,212],"attributes":[],"class":"1"},{"box":[244,410,389,1015],"attributes":[],"class":"0"},{"attributes":[],"class":"0","points":[484,579,2,465,551,2,506,551,2]}]}