{"images":[{"filename":"[07]_[Front]_[Screen01]_[Ama01] 009.jpg","width":1080,"height":1920}],"annotations":[{"attributes":[],"class":"keypoint_club","points":[499,971,1,395,1569,2,416,1591,2]},{"box":[251,416,390,998],"attributes":[],"class":"0"},{"box":[442,425,157,206],"attributes":[],"class":"1"},{"box":[456,961,41,76],"attributes":[],"class":"2"},{"box":[481,941,53,94],"attributes":[],"class":"2"},{"box":[544,1352,74,69],"attributes":[],"class":"3"},{"box":[261,1339,105,75],"attributes":[],"class":"3"},{"box":[380,1549,42,63],"attributes":[],"class":"6"},{"box":[434,1552,49,50],"attributes":[],"class":"5"},{"attributes":[],"class":"0","points":[513,592,2,495,562,2,536,567,2]}]}