{"images":[{"filename":"[07]_[Front]_[Screen01]_[Ama01] 001.jpg","width":1080,"height":1920}],"annotations":[{"attributes":[],"class":"keypoint_club","points":[504,957,1,429,1602,2,430,1566,2]},{"box":[262,424,388,998],"attributes":[],"class":"0"},{"box":[486,941,51,66],"attributes":[],"class":"2"},{"box":[460,965,59,79],"attributes":[],"class":"2"},{"box":[436,1552,43,48],"attributes":[],"class":"5"},{"box":[398,1554,36,57],"attributes":[],"class":"6"},{"box":[542,1336,82,85],"attributes":[],"class":"3"},{"box":[261,1343,106,74],"attributes":[],"class":"3"},{"box":[444,424,155,207],"attributes":[],"class":"1"},{"attributes":[],"class":"0","points":[519,584,2,497,561,2,542,559,2]}]}