{"images":[{"filename":"[07]_[Front]_[Screen01]_[Ama01] 101.jpg","width":1080,"height":1920}],"annotations":[{"attributes":[],"class":"keypoint_club","points":[392,541,1,794,751,2,816,706,2]},{"box":[436,1552,43,48],"attributes":[],"class":"5"},{"box":[261,409,367,1015],"attributes":[],"class":"0"},{"box":[787,705,38,53],"attributes":[],"class":"6"},{"box":[352,520,70,48],"attributes":[],"class":"2"},{"box":[392,542,45,50],"attributes":[],"class":"2"},{"box":[262,1324,110,88],"attributes":[],"class":"3"},{"box":[543,1334,84,90],"attributes":[],"class":"3"},{"box":[404,410,165,198],"attributes":[],"class":"1"},{"attributes":[],"class":"0","points":[452,569,2,442,539,2,485,550,2]}]}