{"images":[{"filename":"[07]_[Front]_[Screen01]_[Ama01] 237.jpg","width":1080,"height":1920}],"annotations":[{"attributes":[],"class":"keypoint_club","points":[485,538,1,120,406,2,129,363,2]},{"box":[202,338,476,1100],"attributes":[],"class":"0"},{"box":[92,355,58,62],"attributes":[],"class":"6"},{"box":[201,1291,130,135],"attributes":[],"class":"3"},{"box":[533,1341,111,87],"attributes":[],"class":"3"},{"box":[496,337,174,182],"attributes":[],"class":"1"},{"attributes":[],"class":"0","points":[615,482,2,610,459,2,619,461,1]}]}