{"images":[{"filename":"[07]_[Front]_[Screen01]_[Ama01] 053.jpg","width":1080,"height":1920}],"annotations":[{"attributes":[],"class":"keypoint_club","points":[280,830,2,0,0,0,0,0,0]},{"box":[174,427,456,1002],"attributes":[],"class":"0"},{"box":[437,1550,45,55],"attributes":[],"class":"5"},{"box":[431,428,164,213],"attributes":[],"class":"1"},{"box":[204,772,66,67],"attributes":[],"class":"2"},{"box":[173,757,75,51],"attributes":[],"class":"2"},{"box":[545,1341,84,87],"attributes":[],"class":"3"},{"box":[261,1336,106,81],"attributes":[],"class":"3"},{"attributes":[],"class":"0","points":[500,592,2,486,570,2,525,572,2]}]}