{"images":[{"filename":"[07]_[Front]_[Screen01]_[Ama01] 093.jpg","width":1080,"height":1920}],"annotations":[{"attributes":[],"class":"keypoint_club","points":[378,539,1,830,690,2,834,639,2]},{"box":[256,404,372,1019],"attributes":[],"class":"0"},{"box":[398,406,165,201],"attributes":[],"class":"1"},{"box":[348,526,51,39],"attributes":[],"class":"2"},{"box":[397,541,35,44],"attributes":[],"class":"2"},{"box":[814,640,41,58],"attributes":[],"class":"6"},{"box":[262,1358,102,51],"attributes":[],"class":"3"},{"box":[541,1352,84,67],"attributes":[],"class":"3"},{"box":[434,1552,47,52],"attributes":[],"class":"5"},{"attributes":[],"class":"0","points":[454,575,2,447,549,2,487,557,2]}]}