{"images":[{"filename":"[07]_[Front]_[Screen01]_[Ama01] 169.jpg","width":1080,"height":1920}],"annotations":[{"attributes":[],"class":"keypoint_club","points":[616,550,1,311,268,2,359,262,2]},{"box":[218,324,450,1106],"attributes":[],"class":"0"},{"box":[305,252,43,46],"attributes":[],"class":"6"},{"box":[446,326,195,200],"attributes":[],"class":"1"},{"box":[218,1311,109,115],"attributes":[],"class":"3"},{"box":[540,1306,92,115],"attributes":[],"class":"3"},{"attributes":[],"class":"0","points":[593,497,2,578,473,2,600,470,1]}]}