{"images":[{"filename":"[07]_[Front]_[Screen01]_[Ama01] 149.jpg","width":1080,"height":1920}],"annotations":[{"attributes":[],"class":"keypoint_club","points":[665,866,1,0,0,0,0,0,0]},{"box":[253,397,464,1029],"attributes":[],"class":"0"},{"box":[394,397,172,214],"attributes":[],"class":"1"},{"box":[652,840,58,70],"attributes":[],"class":"2"},{"box":[626,808,48,45],"attributes":[],"class":"2"},{"box":[811,897,72,86],"attributes":[],"class":"6"},{"box":[259,1333,108,94],"attributes":[],"class":"3"},{"box":[532,1325,92,98],"attributes":[],"class":"3"},{"attributes":[],"class":"0","points":[486,564,2,461,539,2,510,540,2]}]}