{"images":[{"filename":"[07]_[Front]_[Screen01]_[Ama01] 085.jpg","width":1080,"height":1920}],"annotations":[{"attributes":[],"class":"keypoint_club","points":[314,579,1,824,552,2,795,509,2]},{"box":[259,410,392,1022],"attributes":[],"class":"0"},{"box":[406,410,164,211],"attributes":[],"class":"1"},{"box":[312,537,55,43],"attributes":[],"class":"2"},{"box":[368,537,54,49],"attributes":[],"class":"2"},{"box":[264,1327,89,97],"attributes":[],"class":"3"},{"box":[551,1341,75,86],"attributes":[],"class":"3"},{"box":[439,1549,42,50],"attributes":[],"class":"5"},{"box":[792,510,39,47],"attributes":[],"class":"6"},{"attributes":[],"class":"0","points":[454,575,2,447,549,2,487,557,2]}]}