{"images":[{"filename":"[07]_[Front]_[Screen01]_[Ama01] 217.jpg","width":1080,"height":1920}],"annotations":[{"attributes":[],"class":"keypoint_club","points":[485,538,1,212,509,2,180,455,2]},{"box":[197,336,456,1087],"attributes":[],"class":"0"},{"box":[485,341,164,173],"attributes":[],"class":"1"},{"box":[161,443,56,71],"attributes":[],"class":"6"},{"box":[439,516,33,33],"attributes":[],"class":"2"},{"box":[198,1287,126,141],"attributes":[],"class":"3"},{"box":[535,1322,93,96],"attributes":[],"class":"3"},{"attributes":[],"class":"0","points":[615,470,2,603,450,2,611,445,1]}]}