{"images":[{"filename":"[07]_[Front]_[Screen01]_[Ama01] 049.jpg","width":1080,"height":1920}],"annotations":[{"attributes":[],"class":"keypoint_club","points":[297,853,2,0,0,0,0,0,0]},{"box":[182,428,445,992],"attributes":[],"class":"0"},{"box":[437,1551,45,50],"attributes":[],"class":"5"},{"box":[433,428,157,220],"attributes":[],"class":"1"},{"box":[221,808,67,68],"attributes":[],"class":"2"},{"box":[189,798,67,64],"attributes":[],"class":"2"},{"box":[260,1336,107,76],"attributes":[],"class":"3"},{"box":[547,1337,78,83],"attributes":[],"class":"3"},{"attributes":[],"class":"0","points":[508,598,2,483,567,2,536,580,2]}]}