{"images":[{"filename":"[07]_[Front]_[Screen01]_[Ama01] 177.jpg","width":1080,"height":1920}],"annotations":[{"attributes":[],"class":"keypoint_club","points":[554,542,1,27,392,2,63,361,2]},{"box":[210,315,461,1114],"attributes":[],"class":"0"},{"box":[13,354,54,38],"attributes":[],"class":"6"},{"box":[470,315,200,200],"attributes":[],"class":"1"},{"box":[207,1309,119,122],"attributes":[],"class":"3"},{"box":[542,1329,88,102],"attributes":[],"class":"3"},{"attributes":[],"class":"0","points":[615,470,2,603,450,2,611,445,1]}]}