{"images":[{"filename":"[07]_[Front]_[Screen01]_[Ama01] 165.jpg","width":1080,"height":1920}],"annotations":[{"attributes":[],"class":"keypoint_club","points":[632,571,1,512,269,2,584,265,2]},{"box":[245,342,438,1079],"attributes":[],"class":"0"},{"box":[605,519,38,29],"attributes":[],"class":"2"},{"box":[599,558,27,29],"attributes":[],"class":"2"},{"box":[244,1332,85,91],"attributes":[],"class":"3"},{"box":[545,1336,81,85],"attributes":[],"class":"3"},{"box":[434,338,188,214],"attributes":[],"class":"1"},{"attributes":[],"class":"0","points":[588,504,2,0,0,0,585,480,1]}]}