{"images":[{"filename":"[07]_[Front]_[Screen01]_[Ama01] 181.jpg","width":1080,"height":1920}],"annotations":[{"attributes":[],"class":"keypoint_club","points":[501,525,1,0,0,0,0,0,0]},{"box":[197,326,470,1103],"attributes":[],"class":"0"},{"box":[474,324,191,174],"attributes":[],"class":"1"},{"box":[438,489,42,41],"attributes":[],"class":"2"},{"box":[0,450,15,26],"attributes":[],"class":"6"},{"box":[206,1302,120,126],"attributes":[],"class":"3"},{"box":[543,1319,87,103],"attributes":[],"class":"3"},{"attributes":[],"class":"0","points":[615,470,2,603,450,2,611,445,1]}]}