{"images":[{"filename":"[07]_[Front]_[Screen01]_[Ama01] 073.jpg","width":1080,"height":1920}],"annotations":[{"attributes":[],"class":"keypoint_club","points":[255,653,2,552,384,2,523,377,2]},{"box":[249,415,377,1013],"attributes":[],"class":"0"},{"box":[407,414,170,225],"attributes":[],"class":"1"},{"box":[288,576,41,57],"attributes":[],"class":"2"},{"box":[249,594,42,57],"attributes":[],"class":"2"},{"box":[257,1329,114,84],"attributes":[],"class":"3"},{"box":[546,1324,78,101],"attributes":[],"class":"3"},{"box":[436,1550,43,53],"attributes":[],"class":"5"},{"box":[531,365,57,34],"attributes":[],"class":"6"},{"attributes":[],"class":"0","points":[465,582,2,455,556,2,500,564,2]}]}