{"images":[{"filename":"[07]_[Front]_[Screen01]_[Ama01] 013.jpg","width":1080,"height":1920}],"annotations":[{"attributes":[],"class":"keypoint_club","points":[491,963,1,348,1550,2,384,1596,2]},{"box":[264,422,376,1008],"attributes":[],"class":"0"},{"box":[443,422,151,210],"attributes":[],"class":"1"},{"box":[476,937,59,78],"attributes":[],"class":"2"},{"box":[447,960,57,82],"attributes":[],"class":"2"},{"box":[340,1545,48,61],"attributes":[],"class":"6"},{"box":[437,1551,43,52],"attributes":[],"class":"5"},{"box":[543,1329,82,92],"attributes":[],"class":"3"},{"box":[266,1332,108,88],"attributes":[],"class":"3"},{"attributes":[],"class":"0","points":[517,587,2,497,560,2,549,563,2]}]}