{"images":[{"filename":"[07]_[Front]_[Screen01]_[Ama01] 005.jpg","width":1080,"height":1920}],"annotations":[{"attributes":[],"class":"keypoint_club","points":[499,971,1,416,1579,2,429,1571,2]},{"box":[258,415,372,1015],"attributes":[],"class":"0"},{"box":[446,415,162,222],"attributes":[],"class":"1"},{"box":[486,941,54,73],"attributes":[],"class":"2"},{"box":[461,964,59,84],"attributes":[],"class":"2"},{"box":[391,1554,42,66],"attributes":[],"class":"6"},{"box":[436,1549,46,53],"attributes":[],"class":"5"},{"box":[256,1338,118,87],"attributes":[],"class":"3"},{"box":[543,1343,85,88],"attributes":[],"class":"3"},{"attributes":[],"class":"0","points":[517,586,2,496,559,2,540,563,2]}]}