{"images":[{"filename":"[07]_[Front]_[Screen01]_[Ama01] 105.jpg","width":1080,"height":1920}],"annotations":[{"attributes":[],"class":"keypoint_club","points":[360,531,1,799,745,2,813,700,2]},{"box":[258,397,369,1039],"attributes":[],"class":"0"},{"box":[792,696,36,52],"attributes":[],"class":"6"},{"box":[402,405,168,194],"attributes":[],"class":"1"},{"box":[349,512,53,60],"attributes":[],"class":"2"},{"box":[381,532,52,59],"attributes":[],"class":"2"},{"box":[263,1316,109,100],"attributes":[],"class":"3"},{"box":[540,1332,82,99],"attributes":[],"class":"3"},{"box":[435,1548,45,54],"attributes":[],"class":"5"},{"attributes":[],"class":"0","points":[452,569,2,442,539,2,485,550,2]}]}