{"images":[{"filename":"[07]_[Front]_[Screen01]_[Ama01] 153.jpg","width":1080,"height":1920}],"annotations":[{"attributes":[],"class":"keypoint_club","points":[758,769,1,0,0,0,0,0,0]},{"box":[256,380,524,1042],"attributes":[],"class":"0"},{"box":[728,742,43,51],"attributes":[],"class":"2"},{"box":[726,735,36,23],"attributes":[],"class":"2"},{"box":[260,1329,110,93],"attributes":[],"class":"3"},{"box":[546,1333,82,89],"attributes":[],"class":"3"},{"box":[398,380,175,225],"attributes":[],"class":"1"},{"attributes":[],"class":"0","points":[502,554,2,477,536,2,525,533,2]}]}