{"images":[{"filename":"[07]_[Front]_[Screen01]_[Ama01] 021.jpg","width":1080,"height":1920}],"annotations":[{"attributes":[],"class":"keypoint_club","points":[468,979,1,199,1544,2,239,1542,2]},{"box":[438,1552,43,54],"attributes":[],"class":"5"},{"box":[173,1517,72,67],"attributes":[],"class":"6"},{"box":[263,1341,107,78],"attributes":[],"class":"3"},{"box":[546,1342,79,77],"attributes":[],"class":"3"},{"box":[415,957,60,78],"attributes":[],"class":"2"},{"box":[447,937,57,70],"attributes":[],"class":"2"},{"box":[444,421,151,222],"attributes":[],"class":"1"},{"box":[263,421,362,998],"attributes":[],"class":"0"},{"attributes":[],"class":"0","points":[519,584,2,497,561,2,542,559,2]}]}