{"images":[{"filename":"[07]_[Front]_[Screen01]_[Ama01] 185.jpg","width":1080,"height":1920}],"annotations":[{"attributes":[],"class":"keypoint_club","points":[501,520,1,27,582,2,19,542,2]},{"box":[480,319,179,182],"attributes":[],"class":"1"},{"box":[0,529,42,64],"attributes":[],"class":"6"},{"box":[426,500,47,38],"attributes":[],"class":"2"},{"box":[200,1291,125,136],"attributes":[],"class":"3"},{"box":[542,1327,92,101],"attributes":[],"class":"3"},{"box":[199,318,462,1109],"attributes":[],"class":"0"},{"attributes":[],"class":"0","points":[615,470,2,603,450,2,611,445,1]}]}