{"images":[{"filename":"[07]_[Front]_[Screen01]_[Ama01] 157.jpg","width":1080,"height":1920}],"annotations":[{"attributes":[],"class":"keypoint_club","points":[714,677,1,0,0,0,0,0,0]},{"box":[251,374,383,1058],"attributes":[],"class":"0"},{"box":[406,372,173,219],"attributes":[],"class":"1"},{"box":[262,1346,80,81],"attributes":[],"class":"3"},{"box":[548,1346,80,78],"attributes":[],"class":"3"},{"box":[711,632,66,67],"attributes":[],"class":"2"},{"attributes":[],"class":"0","points":[525,544,2,492,514,2,533,504,2]}]}