{"images":[{"filename":"[07]_[Front]_[Screen01]_[Ama01] 121.jpg","width":1080,"height":1920}],"annotations":[{"attributes":[],"class":"keypoint_club","points":[273,617,1,755,502,2,710,467,2]},{"box":[259,406,372,1019],"attributes":[],"class":"0"},{"box":[410,407,166,212],"attributes":[],"class":"1"},{"box":[268,574,58,47],"attributes":[],"class":"2"},{"box":[326,572,43,53],"attributes":[],"class":"2"},{"box":[719,466,43,44],"attributes":[],"class":"6"},{"box":[259,1335,110,79],"attributes":[],"class":"3"},{"box":[545,1337,80,88],"attributes":[],"class":"3"},{"box":[437,1552,44,49],"attributes":[],"class":"5"},{"attributes":[],"class":"0","points":[466,571,2,451,546,2,491,554,2]}]}