{"images":[{"filename":"[07]_[Front]_[Screen01]_[Ama01] 193.jpg","width":1080,"height":1920}],"annotations":[{"attributes":[],"class":"keypoint_club","points":[506,527,1,162,669,2,123,631,2]},{"box":[116,615,75,76],"attributes":[],"class":"6"},{"box":[207,1302,120,122],"attributes":[],"class":"3"},{"box":[538,1321,94,95],"attributes":[],"class":"3"},{"box":[199,325,461,1092],"attributes":[],"class":"0"},{"box":[472,328,162,186],"attributes":[],"class":"1"},{"box":[420,507,55,47],"attributes":[],"class":"2"},{"attributes":[],"class":"0","points":[615,470,2,603,450,2,611,445,1]}]}