{"images":[{"filename":"[07]_[Front]_[Screen01]_[Ama01] 081.jpg","width":1080,"height":1920}],"annotations":[{"attributes":[],"class":"keypoint_club","points":[294,585,1,768,487,2,740,449,2]},{"box":[436,1552,43,48],"attributes":[],"class":"5"},{"box":[259,407,372,1018],"attributes":[],"class":"0"},{"box":[726,448,64,46],"attributes":[],"class":"6"},{"box":[346,546,47,49],"attributes":[],"class":"2"},{"box":[291,547,58,47],"attributes":[],"class":"2"},{"box":[259,1333,107,80],"attributes":[],"class":"3"},{"box":[542,1336,90,89],"attributes":[],"class":"3"},{"box":[404,407,161,217],"attributes":[],"class":"1"},{"attributes":[],"class":"0","points":[458,579,2,447,549,2,487,557,2]}]}