{"images":[{"filename":"[07]_[Front]_[Screen01]_[Ama01] 173.jpg","width":1080,"height":1920}],"annotations":[{"attributes":[],"class":"keypoint_club","points":[592,534,1,136,306,2,182,296,2]},{"box":[215,318,449,1110],"attributes":[],"class":"0"},{"box":[129,287,65,27],"attributes":[],"class":"6"},{"box":[215,1307,112,122],"attributes":[],"class":"3"},{"box":[541,1329,88,98],"attributes":[],"class":"3"},{"box":[466,316,197,207],"attributes":[],"class":"1"},{"box":[591,466,26,39],"attributes":[],"class":"2"},{"attributes":[],"class":"0","points":[617,482,2,587,464,2,596,454,1]}]}