{"images":[{"filename":"[07]_[Front]_[Screen01]_[Ama01] 201.jpg","width":1080,"height":1920}],"annotations":[{"attributes":[],"class":"keypoint_club","points":[506,515,1,246,665,2,218,607,2]},{"box":[197,330,467,1101],"attributes":[],"class":"0"},{"box":[472,333,172,172],"attributes":[],"class":"1"},{"box":[198,600,68,78],"attributes":[],"class":"6"},{"box":[431,516,34,29],"attributes":[],"class":"2"},{"box":[538,1323,100,103],"attributes":[],"class":"3"},{"box":[202,1296,131,131],"attributes":[],"class":"3"},{"attributes":[],"class":"0","points":[615,470,2,603,450,2,611,445,1]}]}