{"images":[{"filename":"[07]_[Front]_[Screen01]_[Ama01] 161.jpg","width":1080,"height":1920}],"annotations":[{"attributes":[],"class":"keypoint_club","points":[655,628,1,0,0,0,0,0,0]},{"box":[257,358,445,1065],"attributes":[],"class":"0"},{"box":[420,360,175,210],"attributes":[],"class":"1"},{"box":[658,561,55,56],"attributes":[],"class":"2"},{"box":[637,594,32,46],"attributes":[],"class":"2"},{"box":[253,1336,87,88],"attributes":[],"class":"3"},{"box":[543,1344,82,75],"attributes":[],"class":"3"},{"box":[719,306,78,53],"attributes":[],"class":"6"},{"attributes":[],"class":"0","points":[546,530,2,522,506,2,560,504,2]}]}