{"images":[{"filename":"[07]_[Front]_[Screen01]_[Ama01] 029.jpg","width":1080,"height":1920}],"annotations":[{"attributes":[],"class":"keypoint_club","points":[452,945,2,0,0,0,0,0,0]},{"box":[436,1552,43,48],"attributes":[],"class":"5"},{"box":[263,424,376,1000],"attributes":[],"class":"0"},{"box":[353,937,51,81],"attributes":[],"class":"2"},{"box":[392,924,62,70],"attributes":[],"class":"2"},{"box":[263,1336,104,81],"attributes":[],"class":"3"},{"box":[540,1334,85,89],"attributes":[],"class":"3"},{"box":[443,423,157,215],"attributes":[],"class":"1"},{"attributes":[],"class":"0","points":[519,584,2,497,561,2,542,559,2]}]}