{"images":[{"filename":"[07]_[Front]_[Screen01]_[Ama01] 089.jpg","width":1080,"height":1920}],"annotations":[{"attributes":[],"class":"keypoint_club","points":[375,554,1,837,631,2,831,577,2]},{"box":[260,411,368,1015],"attributes":[],"class":"0"},{"box":[400,409,160,200],"attributes":[],"class":"1"},{"box":[324,528,70,47],"attributes":[],"class":"2"},{"box":[389,533,36,62],"attributes":[],"class":"2"},{"box":[822,578,33,55],"attributes":[],"class":"6"},{"box":[260,1329,102,84],"attributes":[],"class":"3"},{"box":[539,1329,86,94],"attributes":[],"class":"3"},{"box":[438,1553,41,46],"attributes":[],"class":"5"},{"attributes":[],"class":"0","points":[455,569,2,439,544,2,477,549,2]}]}