{"images":[{"filename":"[07]_[Front]_[Screen01]_[Ama01] 133.jpg","width":1080,"height":1920}],"annotations":[{"attributes":[],"class":"keypoint_club","points":[263,827,1,118,523,2,157,583,2]},{"box":[436,1552,43,48],"attributes":[],"class":"5"},{"box":[106,515,59,61],"attributes":[],"class":"6"},{"box":[207,413,433,1013],"attributes":[],"class":"0"},{"box":[205,744,59,35],"attributes":[],"class":"2"},{"box":[221,766,68,60],"attributes":[],"class":"2"},{"box":[257,1336,112,75],"attributes":[],"class":"3"},{"box":[547,1337,77,89],"attributes":[],"class":"3"},{"box":[416,414,157,221],"attributes":[],"class":"1"},{"attributes":[],"class":"0","points":[468,579,2,456,555,2,491,559,2]}]}