{"images":[{"filename":"[07]_[Front]_[Screen01]_[Ama01] 117.jpg","width":1080,"height":1920}],"annotations":[{"attributes":[],"class":"keypoint_club","points":[312,578,1,816,574,2,796,533,2]},{"box":[260,400,368,1028],"attributes":[],"class":"0"},{"box":[790,529,42,54],"attributes":[],"class":"6"},{"box":[409,399,162,221],"attributes":[],"class":"1"},{"box":[303,545,54,48],"attributes":[],"class":"2"},{"box":[354,546,57,60],"attributes":[],"class":"2"},{"box":[260,1350,112,69],"attributes":[],"class":"3"},{"box":[542,1348,83,79],"attributes":[],"class":"3"},{"box":[438,1552,43,48],"attributes":[],"class":"5"},{"attributes":[],"class":"0","points":[463,569,2,451,546,2,490,550,2]}]}