{"images":[{"filename":"[07]_[Front]_[Screen01]_[Ama01] 045.jpg","width":1080,"height":1920}],"annotations":[{"attributes":[],"class":"keypoint_club","points":[287,876,2,0,0,0,0,0,0]},{"box":[205,422,426,1008],"attributes":[],"class":"0"},{"box":[435,422,165,221],"attributes":[],"class":"1"},{"box":[437,1549,46,56],"attributes":[],"class":"5"},{"box":[206,833,65,70],"attributes":[],"class":"2"},{"box":[246,842,80,74],"attributes":[],"class":"2"},{"box":[256,1335,117,87],"attributes":[],"class":"3"},{"box":[543,1330,84,97],"attributes":[],"class":"3"},{"attributes":[],"class":"0","points":[511,595,2,497,561,2,542,565,2]}]}