{"images":[{"filename":"[07]_[Front]_[Screen01]_[Ama01] 221.jpg","width":1080,"height":1920}],"annotations":[{"attributes":[],"class":"keypoint_club","points":[485,538,1,194,471,2,168,422,2]},{"box":[138,417,63,62],"attributes":[],"class":"6"},{"box":[201,1286,123,137],"attributes":[],"class":"3"},{"box":[540,1334,91,85],"attributes":[],"class":"3"},{"box":[200,337,479,1087],"attributes":[],"class":"0"},{"box":[450,514,27,21],"attributes":[],"class":"2"},{"box":[484,336,173,166],"attributes":[],"class":"1"},{"attributes":[],"class":"0","points":[615,470,2,603,450,2,611,445,1]}]}