{"images":[{"filename":"[07]_[Front]_[Screen01]_[Ama01] 137.jpg","width":1080,"height":1920}],"annotations":[{"attributes":[],"class":"keypoint_club","points":[379,889,1,0,0,0,0,0,0]},{"box":[254,408,380,1024],"attributes":[],"class":"0"},{"box":[435,1550,48,51],"attributes":[],"class":"5"},{"box":[258,1336,111,84],"attributes":[],"class":"3"},{"box":[543,1339,83,88],"attributes":[],"class":"3"},{"box":[253,839,50,63],"attributes":[],"class":"2"},{"box":[293,837,77,68],"attributes":[],"class":"2"},{"box":[414,409,156,222],"attributes":[],"class":"1"},{"attributes":[],"class":"0","points":[481,577,2,462,557,2,504,555,2]}]}