{"images":[{"filename":"[07]_[Front]_[Screen01]_[Ama01] 233.jpg","width":1080,"height":1920}],"annotations":[{"attributes":[],"class":"keypoint_club","points":[485,538,1,136,411,2,134,371,2]},{"box":[201,338,467,1093],"attributes":[],"class":"0"},{"box":[97,358,56,66],"attributes":[],"class":"6"},{"box":[494,337,174,170],"attributes":[],"class":"1"},{"box":[541,1327,97,101],"attributes":[],"class":"3"},{"box":[202,1295,126,137],"attributes":[],"class":"3"},{"attributes":[],"class":"0","points":[615,482,2,610,459,2,619,461,1]}]}