{"images":[{"filename":"[07]_[Front]_[Screen01]_[Ama01] 113.jpg","width":1080,"height":1920}],"annotations":[{"attributes":[],"class":"keypoint_club","points":[352,555,1,826,653,2,832,601,2]},{"box":[263,401,366,1028],"attributes":[],"class":"0"},{"box":[407,401,163,206],"attributes":[],"class":"1"},{"box":[820,601,31,65],"attributes":[],"class":"6"},{"box":[332,537,61,46],"attributes":[],"class":"2"},{"box":[388,539,43,63],"attributes":[],"class":"2"},{"box":[261,1336,112,87],"attributes":[],"class":"3"},{"box":[543,1332,88,98],"attributes":[],"class":"3"},{"box":[436,1551,48,50],"attributes":[],"class":"5"},{"attributes":[],"class":"0","points":[452,569,2,442,539,2,485,550,2]}]}