{"images":[{"filename":"[07]_[Front]_[Screen01]_[Ama01] 065.jpg","width":1080,"height":1920}],"annotations":[{"attributes":[],"class":"keypoint_club","points":[242,738,2,300,384,2,265,397,2]},{"box":[218,424,408,994],"attributes":[],"class":"0"},{"box":[420,430,155,203],"attributes":[],"class":"1"},{"box":[226,668,62,54],"attributes":[],"class":"2"},{"box":[260,1337,107,76],"attributes":[],"class":"3"},{"box":[545,1337,78,81],"attributes":[],"class":"3"},{"box":[437,1554,44,44],"attributes":[],"class":"5"},{"box":[240,372,80,40],"attributes":[],"class":"6"},{"box":[225,639,57,40],"attributes":[],"class":"2"},{"attributes":[],"class":"0","points":[483,589,2,466,560,2,514,566,2]}]}