{"images":[{"filename":"[07]_[Front]_[Screen01]_[Ama01] 145.jpg","width":1080,"height":1920}],"annotations":[{"attributes":[],"class":"keypoint_club","points":[545,905,1,922,1406,2,752,1519,2]},{"box":[258,398,384,1026],"attributes":[],"class":"0"},{"box":[404,397,162,225],"attributes":[],"class":"1"},{"box":[539,883,65,50],"attributes":[],"class":"2"},{"box":[528,917,71,65],"attributes":[],"class":"2"},{"box":[548,1342,79,82],"attributes":[],"class":"3"},{"box":[259,1336,114,83],"attributes":[],"class":"3"},{"box":[718,1407,232,120],"attributes":[],"class":"6"},{"box":[911,1277,169,96],"attributes":[],"class":"5"},{"attributes":[],"class":"0","points":[482,574,2,459,545,2,514,544,2]}]}