{"images":[{"filename":"[07]_[Front]_[Screen01]_[Ama01] 057.jpg","width":1080,"height":1920}],"annotations":[{"attributes":[],"class":"keypoint_club","points":[264,796,2,0,0,0,0,0,0]},{"box":[177,426,446,996],"attributes":[],"class":"0"},{"box":[425,426,167,223],"attributes":[],"class":"1"},{"box":[202,736,49,62],"attributes":[],"class":"2"},{"box":[176,716,71,59],"attributes":[],"class":"2"},{"box":[437,1549,47,51],"attributes":[],"class":"5"},{"box":[261,1336,102,78],"attributes":[],"class":"3"},{"box":[545,1336,78,85],"attributes":[],"class":"3"},{"attributes":[],"class":"0","points":[491,593,2,477,562,2,523,571,2]}]}