{"images":[{"filename":"[07]_[Front]_[Screen01]_[Ama01] 077.jpg","width":1080,"height":1920}],"annotations":[{"attributes":[],"class":"keypoint_club","points":[258,623,2,680,424,2,638,409,2]},{"box":[259,421,363,1007],"attributes":[],"class":"0"},{"box":[395,423,166,200],"attributes":[],"class":"1"},{"box":[636,387,51,44],"attributes":[],"class":"6"},{"box":[269,556,57,68],"attributes":[],"class":"2"},{"box":[315,556,54,58],"attributes":[],"class":"2"},{"box":[540,1327,81,98],"attributes":[],"class":"3"},{"box":[261,1317,111,99],"attributes":[],"class":"3"},{"box":[440,1547,38,52],"attributes":[],"class":"5"},{"attributes":[],"class":"0","points":[465,590,2,444,556,2,489,563,2]}]}