{"images":[{"filename":"[07]_[Front]_[Screen01]_[Ama01] 109.jpg","width":1080,"height":1920}],"annotations":[{"attributes":[],"class":"keypoint_club","points":[360,531,1,812,707,2,832,657,2]},{"box":[262,399,377,1028],"attributes":[],"class":"0"},{"box":[334,518,53,45],"attributes":[],"class":"2"},{"box":[389,532,37,48],"attributes":[],"class":"2"},{"box":[259,1343,103,78],"attributes":[],"class":"3"},{"box":[551,1352,75,80],"attributes":[],"class":"3"},{"box":[803,657,42,48],"attributes":[],"class":"6"},{"box":[412,405,164,199],"attributes":[],"class":"1"},{"attributes":[],"class":"0","points":[452,569,2,442,539,2,485,550,2]}]}