{"images":[{"filename":"[07]_[Front]_[Screen01]_[Ama01] 025.jpg","width":1080,"height":1920}],"annotations":[{"attributes":[],"class":"keypoint_club","points":[470,948,2,76,1500,2,133,1513,2]},{"box":[443,421,161,217],"attributes":[],"class":"1"},{"box":[389,947,53,75],"attributes":[],"class":"2"},{"box":[417,934,66,86],"attributes":[],"class":"2"},{"box":[265,1337,105,81],"attributes":[],"class":"3"},{"box":[544,1335,81,84],"attributes":[],"class":"3"},{"box":[49,1474,85,79],"attributes":[],"class":"6"},{"box":[436,1552,45,52],"attributes":[],"class":"5"},{"box":[264,418,361,1001],"attributes":[],"class":"0"},{"attributes":[],"class":"0","points":[519,584,2,497,561,2,542,559,2]}]}