{"images":[{"filename":"[07]_[Front]_[Screen01]_[Ama01] 129.jpg","width":1080,"height":1920}],"annotations":[{"attributes":[],"class":"keypoint_club","points":[0,0,0,394,421,2,337,436,2]},{"box":[202,409,437,1014],"attributes":[],"class":"0"},{"box":[415,411,158,218],"attributes":[],"class":"1"},{"box":[215,677,52,62],"attributes":[],"class":"2"},{"box":[230,659,48,42],"attributes":[],"class":"2"},{"box":[434,1551,52,49],"attributes":[],"class":"5"},{"box":[260,1341,96,73],"attributes":[],"class":"3"},{"box":[545,1352,80,70],"attributes":[],"class":"3"},{"box":[349,414,54,47],"attributes":[],"class":"6"},{"attributes":[],"class":"0","points":[474,581,2,459,553,2,497,552,2]}]}