{"images":[{"filename":"[07]_[Front]_[Screen01]_[Ama01] 197.jpg","width":1080,"height":1920}],"annotations":[{"attributes":[],"class":"keypoint_club","points":[506,515,1,211,687,2,180,626,2]},{"box":[198,330,450,1095],"attributes":[],"class":"0"},{"box":[159,627,67,58],"attributes":[],"class":"6"},{"box":[473,327,175,166],"attributes":[],"class":"1"},{"box":[203,1302,125,122],"attributes":[],"class":"3"},{"box":[534,1324,100,92],"attributes":[],"class":"3"},{"box":[425,511,42,33],"attributes":[],"class":"2"},{"attributes":[],"class":"0","points":[615,470,2,603,450,2,611,445,1]}]}