{"images":[{"filename":"[07]_[Front]_[Screen01]_[Ama01] 037.jpg","width":1080,"height":1920}],"annotations":[{"attributes":[],"class":"keypoint_club","points":[372,923,2,0,0,0,0,0,0]},{"box":[262,425,363,992],"attributes":[],"class":"0"},{"box":[439,425,160,214],"attributes":[],"class":"1"},{"box":[317,898,72,61],"attributes":[],"class":"2"},{"box":[278,897,51,67],"attributes":[],"class":"2"},{"box":[265,1333,105,82],"attributes":[],"class":"3"},{"box":[544,1336,82,80],"attributes":[],"class":"3"},{"box":[438,1551,42,50],"attributes":[],"class":"5"},{"attributes":[],"class":"0","points":[515,590,2,496,559,2,540,563,2]}]}