{"images":[{"filename":"[07]_[Front]_[Screen01]_[Ama01] 097.jpg","width":1080,"height":1920}],"annotations":[{"attributes":[],"class":"keypoint_club","points":[376,537,1,813,731,2,822,683,2]},{"box":[436,1552,44,52],"attributes":[],"class":"5"},{"box":[796,682,42,58],"attributes":[],"class":"6"},{"box":[404,401,161,204],"attributes":[],"class":"1"},{"box":[347,521,65,31],"attributes":[],"class":"2"},{"box":[391,525,43,58],"attributes":[],"class":"2"},{"box":[258,400,367,1019],"attributes":[],"class":"0"},{"box":[258,1328,111,86],"attributes":[],"class":"3"},{"box":[547,1340,78,81],"attributes":[],"class":"3"},{"attributes":[],"class":"0","points":[454,575,2,447,549,2,487,557,2]}]}