{"images":[{"filename":"[07]_[Front]_[Screen01]_[Ama01] 225.jpg","width":1080,"height":1920}],"annotations":[{"attributes":[],"class":"keypoint_club","points":[485,538,1,175,444,2,152,397,2]},{"box":[201,335,461,1092],"attributes":[],"class":"0"},{"box":[126,388,55,61],"attributes":[],"class":"6"},{"box":[198,1296,130,131],"attributes":[],"class":"3"},{"box":[534,1321,104,106],"attributes":[],"class":"3"},{"box":[478,341,181,152],"attributes":[],"class":"1"},{"box":[452,513,26,18],"attributes":[],"class":"2"},{"attributes":[],"class":"0","points":[615,482,2,610,459,2,619,461,1]}]}