{"images":[{"filename":"[10]_[Front]_[Screen01]_[Ama01] 025.jpg","width":1080,"height":1920}],"annotations":[{"attributes":[],"class":"keypoint_club","points":[456,926,1,328,1592,2,340,1550,2]},{"box":[398,283,192,269],"attributes":[],"class":"1"},{"box":[403,938,61,94],"attributes":[],"class":"2"},{"box":[437,891,59,91],"attributes":[],"class":"2"},{"box":[305,1546,43,66],"attributes":[],"class":"6"},{"box":[398,1544,44,53],"attributes":[],"class":"5"},{"box":[278,1390,104,97],"attributes":[],"class":"3"},{"box":[498,1376,89,114],"attributes":[],"class":"3"},{"box":[277,276,369,1216],"attributes":[],"class":"0"},{"attributes":[],"class":"0","points":[492,494,2,460,451,2,529,449,2]}]}