{"images":[{"filename":"[10]_[Front]_[Screen01]_[Ama01] 133.jpg","width":1080,"height":1920}],"annotations":[{"attributes":[],"class":"keypoint_club","points":[0,0,0,0,0,0,0,0,0]},{"box":[273,288,350,1211],"attributes":[],"class":"0"},{"box":[379,287,202,248],"attributes":[],"class":"1"},{"box":[273,905,53,72],"attributes":[],"class":"2"},{"box":[326,874,50,75],"attributes":[],"class":"2"},{"box":[278,1377,117,111],"attributes":[],"class":"3"},{"box":[492,1385,97,106],"attributes":[],"class":"3"},{"box":[0,1410,39,64],"attributes":[],"class":"6"},{"attributes":[],"class":"0","points":[476,503,2,451,463,2,516,463,2]}]}