{"images":[{"filename":"[10]_[Front]_[Screen01]_[Ama01] 001.jpg","width":1080,"height":1920}],"annotations":[{"attributes":[],"class":"keypoint_club","points":[466,939,1,378,1601,2,385,1547,2]},{"box":[282,278,349,1215],"attributes":[],"class":"0"},{"box":[396,280,193,275],"attributes":[],"class":"1"},{"box":[421,946,68,101],"attributes":[],"class":"2"},{"box":[357,1545,32,69],"attributes":[],"class":"6"},{"box":[398,1547,40,48],"attributes":[],"class":"5"},{"box":[496,1378,83,111],"attributes":[],"class":"3"},{"box":[281,1383,100,98],"attributes":[],"class":"3"},{"box":[451,896,60,72],"attributes":[],"class":"2"},{"attributes":[],"class":"0","points":[492,494,2,460,451,2,529,449,2]}]}