{"images":[{"filename":"[10]_[Front]_[Screen01]_[Ama01] 145.jpg","width":1080,"height":1920}],"annotations":[{"attributes":[],"class":"keypoint_club","points":[384,922,1,0,0,0,0,0,0]},{"box":[270,273,379,1240],"attributes":[],"class":"0"},{"box":[382,280,197,278],"attributes":[],"class":"1"},{"box":[395,1542,48,55],"attributes":[],"class":"5"},{"box":[26,1474,87,68],"attributes":[],"class":"6"},{"box":[358,875,78,98],"attributes":[],"class":"2"},{"box":[314,912,74,98],"attributes":[],"class":"2"},{"box":[274,1379,107,117],"attributes":[],"class":"3"},{"box":[494,1378,96,121],"attributes":[],"class":"3"},{"attributes":[],"class":"0","points":[476,503,2,451,463,2,516,463,2]}]}