{"images":[{"filename":"[10]_[Front]_[Screen01]_[Ama01] 053.jpg","width":1080,"height":1920}],"annotations":[{"attributes":[],"class":"keypoint_club","points":[407,901,1,100,1549,2,141,1508,2]},{"box":[399,1546,41,50],"attributes":[],"class":"5"},{"box":[75,1504,75,55],"attributes":[],"class":"6"},{"box":[276,1387,112,99],"attributes":[],"class":"3"},{"box":[496,1389,89,104],"attributes":[],"class":"3"},{"box":[330,927,63,96],"attributes":[],"class":"2"},{"box":[370,885,72,92],"attributes":[],"class":"2"},{"box":[392,283,194,273],"attributes":[],"class":"1"},{"box":[273,283,375,1212],"attributes":[],"class":"0"},{"attributes":[],"class":"0","points":[481,498,2,450,466,2,515,466,2]}]}