{"images":[{"filename":"[10]_[Front]_[Screen01]_[Ama01] 045.jpg","width":1080,"height":1920}],"annotations":[{"attributes":[],"class":"keypoint_club","points":[419,914,1,176,1568,2,206,1527,2]},{"box":[270,278,368,1216],"attributes":[],"class":"0"},{"box":[399,1545,42,51],"attributes":[],"class":"5"},{"box":[149,1519,69,69],"attributes":[],"class":"6"},{"box":[271,1374,116,120],"attributes":[],"class":"3"},{"box":[497,1383,90,112],"attributes":[],"class":"3"},{"box":[355,931,65,98],"attributes":[],"class":"2"},{"box":[396,889,66,80],"attributes":[],"class":"2"},{"box":[391,277,196,279],"attributes":[],"class":"1"},{"attributes":[],"class":"0","points":[483,493,2,456,456,2,522,459,2]}]}