{"images":[{"filename":"[10]_[Front]_[Screen01]_[Ama01] 061.jpg","width":1080,"height":1920}],"annotations":[{"attributes":[],"class":"keypoint_club","points":[382,901,1,24,1520,2,69,1488,2]},{"box":[282,278,349,1215],"attributes":[],"class":"0"},{"box":[396,280,193,275],"attributes":[],"class":"1"},{"box":[306,916,64,102],"attributes":[],"class":"2"},{"box":[398,1547,40,48],"attributes":[],"class":"5"},{"box":[496,1378,83,111],"attributes":[],"class":"3"},{"box":[281,1383,100,98],"attributes":[],"class":"3"},{"box":[7,1480,74,48],"attributes":[],"class":"6"},{"box":[350,879,66,83],"attributes":[],"class":"2"},{"attributes":[],"class":"0","points":[485,498,2,457,466,2,523,466,2]}]}