{"images":[{"filename":"[10]_[Front]_[Screen01]_[Ama01] 169.jpg","width":1080,"height":1920}],"annotations":[{"attributes":[],"class":"keypoint_club","points":[472,935,1,0,0,0,0,0,0]},{"box":[276,277,358,1216],"attributes":[],"class":"0"},{"box":[381,274,203,266],"attributes":[],"class":"1"},{"box":[439,927,56,69],"attributes":[],"class":"2"},{"box":[481,891,42,61],"attributes":[],"class":"2"},{"box":[273,1391,111,100],"attributes":[],"class":"3"},{"box":[498,1391,83,97],"attributes":[],"class":"3"},{"box":[442,1535,45,64],"attributes":[],"class":"6"},{"box":[551,1549,52,36],"attributes":[],"class":"5"},{"attributes":[],"class":"0","points":[484,488,2,458,463,2,506,464,2]}]}