{"images":[{"filename":"[10]_[Front]_[Screen01]_[Ama01] 097.jpg","width":1080,"height":1920}],"annotations":[{"attributes":[],"class":"keypoint_club","points":[330,889,1,0,0,0,0,0,0]},{"box":[238,279,387,1215],"attributes":[],"class":"0"},{"box":[396,1547,44,50],"attributes":[],"class":"5"},{"box":[273,1377,109,116],"attributes":[],"class":"3"},{"box":[495,1381,91,113],"attributes":[],"class":"3"},{"box":[237,889,69,91],"attributes":[],"class":"2"},{"box":[288,853,79,94],"attributes":[],"class":"2"},{"box":[381,277,201,281],"attributes":[],"class":"1"},{"attributes":[],"class":"0","points":[485,498,2,457,466,2,523,466,2]}]}