{"images":[{"filename":"[10]_[Front]_[Screen01]_[Ama01] 121.jpg","width":1080,"height":1920}],"annotations":[{"attributes":[],"class":"keypoint_club","points":[330,889,1,0,0,0,0,0,0]},{"box":[254,282,383,1211],"attributes":[],"class":"0"},{"box":[254,895,66,89],"attributes":[],"class":"2"},{"box":[301,863,80,82],"attributes":[],"class":"2"},{"box":[276,1383,106,101],"attributes":[],"class":"3"},{"box":[498,1377,86,113],"attributes":[],"class":"3"},{"box":[399,1545,43,50],"attributes":[],"class":"5"},{"box":[381,282,199,274],"attributes":[],"class":"1"},{"attributes":[],"class":"0","points":[477,493,2,454,464,2,506,465,2]}]}