{"images":[{"filename":"[10]_[Front]_[Screen01]_[Ama01] 225.jpg","width":1080,"height":1920}],"annotations":[{"attributes":[],"class":"keypoint_club","points":[642,865,1,0,0,0,0,0,0]},{"box":[990,1339,84,36],"attributes":[],"class":"6"},{"box":[644,871,80,90],"attributes":[],"class":"2"},{"box":[492,1378,94,110],"attributes":[],"class":"3"},{"box":[281,1383,97,102],"attributes":[],"class":"3"},{"box":[407,263,203,268],"attributes":[],"class":"1"},{"box":[277,264,438,1227],"attributes":[],"class":"0"},{"box":[647,828,54,47],"attributes":[],"class":"2"},{"attributes":[],"class":"0","points":[539,469,2,516,439,2,560,438,2]}]}