{"images":[{"filename":"[10]_[Front]_[Screen01]_[Ama01] 037.jpg","width":1080,"height":1920}],"annotations":[{"attributes":[],"class":"keypoint_club","points":[440,913,1,246,1582,2,266,1543,2]},{"box":[392,1543,54,54],"attributes":[],"class":"5"},{"box":[208,1537,60,63],"attributes":[],"class":"6"},{"box":[374,939,59,93],"attributes":[],"class":"2"},{"box":[416,891,53,99],"attributes":[],"class":"2"},{"box":[392,281,195,269],"attributes":[],"class":"1"},{"box":[277,279,352,1217],"attributes":[],"class":"0"},{"attributes":[],"class":"0","points":[483,493,2,456,456,2,522,459,2]}]}