{"images":[{"filename":"[10]_[Front]_[Screen01]_[Ama01] 165.jpg","width":1080,"height":1920}],"annotations":[{"attributes":[],"class":"keypoint_club","points":[464,927,1,0,0,0,0,0,0]},{"box":[409,1543,56,50],"attributes":[],"class":"5"},{"box":[373,1531,38,77],"attributes":[],"class":"6"},{"box":[279,265,375,1225],"attributes":[],"class":"0"},{"box":[413,929,69,104],"attributes":[],"class":"2"},{"box":[448,880,60,81],"attributes":[],"class":"2"},{"box":[277,1387,103,103],"attributes":[],"class":"3"},{"box":[495,1373,87,117],"attributes":[],"class":"3"},{"box":[384,264,197,289],"attributes":[],"class":"1"},{"attributes":[],"class":"0","points":[481,504,2,459,462,2,516,463,2]}]}