{"images":[{"filename":"[10]_[Front]_[Screen01]_[Ama01] 049.jpg","width":1080,"height":1920}],"annotations":[{"attributes":[],"class":"keypoint_club","points":[409,897,1,139,1556,2,175,1516,2]},{"box":[276,282,368,1215],"attributes":[],"class":"0"},{"box":[393,283,192,271],"attributes":[],"class":"1"},{"box":[112,1512,67,59],"attributes":[],"class":"6"},{"box":[399,1545,41,49],"attributes":[],"class":"5"},{"box":[278,1385,97,104],"attributes":[],"class":"3"},{"box":[497,1383,88,109],"attributes":[],"class":"3"},{"box":[343,927,51,101],"attributes":[],"class":"2"},{"box":[384,887,60,106],"attributes":[],"class":"2"},{"attributes":[],"class":"0","points":[483,493,2,456,456,2,522,459,2]}]}