{"images":[{"filename":"[10]_[Front]_[Screen01]_[Ama01] 013.jpg","width":1080,"height":1920}],"annotations":[{"attributes":[],"class":"keypoint_club","points":[466,939,1,370,1595,2,378,1554,2]},{"box":[271,277,379,1219],"attributes":[],"class":"0"},{"box":[395,277,196,276],"attributes":[],"class":"1"},{"box":[411,939,67,111],"attributes":[],"class":"2"},{"box":[448,895,60,85],"attributes":[],"class":"2"},{"box":[344,1545,39,69],"attributes":[],"class":"6"},{"box":[396,1545,47,50],"attributes":[],"class":"5"},{"box":[278,1392,94,97],"attributes":[],"class":"3"},{"box":[496,1394,89,98],"attributes":[],"class":"3"},{"attributes":[],"class":"0","points":[492,494,2,460,451,2,529,449,2]}]}