{"images":[{"filename":"[10]_[Front]_[Screen01]_[Ama01] 017.jpg","width":1080,"height":1920}],"annotations":[{"attributes":[],"class":"keypoint_club","points":[463,929,1,362,1597,2,370,1548,2]},{"box":[398,276,190,284],"attributes":[],"class":"1"},{"box":[446,895,61,87],"attributes":[],"class":"2"},{"box":[412,936,57,105],"attributes":[],"class":"2"},{"box":[277,1385,103,108],"attributes":[],"class":"3"},{"box":[498,1383,88,116],"attributes":[],"class":"3"},{"box":[339,1544,35,71],"attributes":[],"class":"6"},{"box":[396,1547,44,53],"attributes":[],"class":"5"},{"box":[277,277,313,1219],"attributes":[],"class":"0"},{"attributes":[],"class":"0","points":[492,494,2,460,451,2,529,449,2]}]}