{"images":[{"filename":"[10]_[Front]_[Screen01]_[Ama01] 177.jpg","width":1080,"height":1920}],"annotations":[{"attributes":[],"class":"keypoint_club","points":[521,925,1,0,0,0,0,0,0]},{"box":[271,269,376,1222],"attributes":[],"class":"0"},{"box":[388,281,193,243],"attributes":[],"class":"1"},{"box":[492,923,66,90],"attributes":[],"class":"2"},{"box":[512,877,66,57],"attributes":[],"class":"2"},{"box":[282,1387,91,107],"attributes":[],"class":"3"},{"box":[496,1388,95,105],"attributes":[],"class":"3"},{"box":[600,1503,61,67],"attributes":[],"class":"6"},{"box":[798,1551,62,44],"attributes":[],"class":"5"},{"attributes":[],"class":"0","points":[484,488,2,458,463,2,506,464,2]}]}