{"images":[{"filename":"[10]_[Front]_[Screen01]_[Ama01] 005.jpg","width":1080,"height":1920}],"annotations":[{"attributes":[],"class":"keypoint_club","points":[466,939,1,378,1598,2,382,1549,2]},{"box":[274,273,385,1229],"attributes":[],"class":"0"},{"box":[396,275,201,283],"attributes":[],"class":"1"},{"box":[395,1543,47,54],"attributes":[],"class":"5"},{"box":[350,1529,42,91],"attributes":[],"class":"6"},{"box":[452,890,67,91],"attributes":[],"class":"2"},{"box":[414,934,75,114],"attributes":[],"class":"2"},{"box":[274,1381,108,115],"attributes":[],"class":"3"},{"box":[495,1382,92,117],"attributes":[],"class":"3"},{"attributes":[],"class":"0","points":[488,489,2,461,454,2,517,461,2]}]}