{"images":[{"filename":"[10]_[Front]_[Screen01]_[Ama01] 205.jpg","width":1080,"height":1920}],"annotations":[{"attributes":[],"class":"keypoint_club","points":[628,872,1,0,0,0,0,0,0]},{"box":[275,260,422,1229],"attributes":[],"class":"0"},{"box":[402,260,200,268],"attributes":[],"class":"1"},{"box":[619,831,54,58],"attributes":[],"class":"2"},{"box":[622,884,61,91],"attributes":[],"class":"2"},{"box":[273,1388,102,101],"attributes":[],"class":"3"},{"box":[500,1382,92,109],"attributes":[],"class":"3"},{"box":[933,1370,79,49],"attributes":[],"class":"6"},{"attributes":[],"class":"0","points":[510,468,2,486,449,2,533,448,2]}]}