{"images":[{"filename":"[10]_[Front]_[Screen01]_[Ama01] 237.jpg","width":1080,"height":1920}],"annotations":[{"attributes":[],"class":"keypoint_club","points":[642,865,1,0,0,0,0,0,0]},{"box":[992,1338,83,31],"attributes":[],"class":"6"},{"box":[274,1384,112,104],"attributes":[],"class":"3"},{"box":[494,1391,94,97],"attributes":[],"class":"3"},{"box":[639,867,89,91],"attributes":[],"class":"2"},{"box":[650,831,52,47],"attributes":[],"class":"2"},{"box":[413,256,207,267],"attributes":[],"class":"1"},{"box":[274,253,428,1229],"attributes":[],"class":"0"},{"attributes":[],"class":"0","points":[554,463,2,530,436,2,571,435,2]}]}