{"images":[{"filename":"[10]_[Front]_[Screen01]_[Ama01] 233.jpg","width":1080,"height":1920}],"annotations":[{"attributes":[],"class":"keypoint_club","points":[642,865,1,0,0,0,0,0,0]},{"box":[271,255,453,1234],"attributes":[],"class":"0"},{"box":[412,265,207,249],"attributes":[],"class":"1"},{"box":[651,826,49,46],"attributes":[],"class":"2"},{"box":[656,875,54,63],"attributes":[],"class":"2"},{"box":[983,1319,97,48],"attributes":[],"class":"6"},{"box":[279,1388,91,104],"attributes":[],"class":"3"},{"box":[497,1379,99,105],"attributes":[],"class":"3"},{"attributes":[],"class":"0","points":[558,470,2,523,443,2,574,433,2]}]}