{"images":[{"filename":"[10]_[Front]_[Screen01]_[Ama01] 201.jpg","width":1080,"height":1920}],"annotations":[{"attributes":[],"class":"keypoint_club","points":[616,884,1,0,0,0,0,0,0]},{"box":[275,259,402,1235],"attributes":[],"class":"0"},{"box":[906,1384,82,45],"attributes":[],"class":"6"},{"box":[277,1389,103,103],"attributes":[],"class":"3"},{"box":[498,1385,89,107],"attributes":[],"class":"3"},{"box":[596,884,80,90],"attributes":[],"class":"2"},{"box":[607,840,53,57],"attributes":[],"class":"2"},{"box":[391,260,202,279],"attributes":[],"class":"1"},{"attributes":[],"class":"0","points":[508,485,2,478,450,2,534,453,2]}]}