{"images":[{"filename":"[10]_[Front]_[Screen01]_[Ama01] 113.jpg","width":1080,"height":1920}],"annotations":[{"attributes":[],"class":"keypoint_club","points":[330,889,1,0,0,0,0,0,0]},{"box":[243,278,390,1214],"attributes":[],"class":"0"},{"box":[383,281,196,275],"attributes":[],"class":"1"},{"box":[293,857,79,95],"attributes":[],"class":"2"},{"box":[243,893,65,93],"attributes":[],"class":"2"},{"box":[499,1388,86,105],"attributes":[],"class":"3"},{"box":[276,1388,109,105],"attributes":[],"class":"3"},{"box":[398,1546,43,50],"attributes":[],"class":"5"},{"attributes":[],"class":"0","points":[477,493,2,454,464,2,506,465,2]}]}