{"images":[{"filename":"[10]_[Front]_[Screen01]_[Ama01] 077.jpg","width":1080,"height":1920}],"annotations":[{"attributes":[],"class":"keypoint_club","points":[345,895,1,0,0,0,0,0,0]},{"box":[260,278,379,1217],"attributes":[],"class":"0"},{"box":[387,277,195,282],"attributes":[],"class":"1"},{"box":[260,902,70,92],"attributes":[],"class":"2"},{"box":[312,864,78,91],"attributes":[],"class":"2"},{"box":[276,1388,103,108],"attributes":[],"class":"3"},{"box":[496,1387,90,109],"attributes":[],"class":"3"},{"box":[396,1543,45,51],"attributes":[],"class":"5"},{"attributes":[],"class":"0","points":[483,493,2,461,454,2,514,461,2]}]}