{"images":[{"filename":"[10]_[Front]_[Screen01]_[Ama01] 033.jpg","width":1080,"height":1920}],"annotations":[{"attributes":[],"class":"keypoint_club","points":[443,926,1,276,1587,2,292,1545,2]},{"box":[280,281,357,1212],"attributes":[],"class":"0"},{"box":[390,281,197,268],"attributes":[],"class":"1"},{"box":[429,892,51,79],"attributes":[],"class":"2"},{"box":[388,938,62,94],"attributes":[],"class":"2"},{"box":[251,1539,50,72],"attributes":[],"class":"6"},{"box":[397,1546,43,52],"attributes":[],"class":"5"},{"box":[279,1379,98,115],"attributes":[],"class":"3"},{"box":[498,1386,86,106],"attributes":[],"class":"3"},{"attributes":[],"class":"0","points":[485,498,2,460,462,2,525,462,2]}]}