{"images":[{"filename":"[10]_[Front]_[Screen01]_[Ama01] 149.jpg","width":1080,"height":1920}],"annotations":[{"attributes":[],"class":"keypoint_club","points":[0,0,0,0,0,0,0,0,0]},{"box":[399,1546,41,50],"attributes":[],"class":"5"},{"box":[79,1502,81,55],"attributes":[],"class":"6"},{"box":[275,1385,111,107],"attributes":[],"class":"3"},{"box":[490,1389,97,106],"attributes":[],"class":"3"},{"box":[329,925,69,91],"attributes":[],"class":"2"},{"box":[375,881,65,98],"attributes":[],"class":"2"},{"box":[382,281,195,270],"attributes":[],"class":"1"},{"box":[274,280,360,1217],"attributes":[],"class":"0"},{"attributes":[],"class":"0","points":[477,493,2,454,464,2,506,465,2]}]}