{"images":[{"filename":"[10]_[Front]_[Screen01]_[Ama01] 117.jpg","width":1080,"height":1920}],"annotations":[{"attributes":[],"class":"keypoint_club","points":[330,889,1,0,0,0,0,0,0]},{"box":[382,283,194,266],"attributes":[],"class":"1"},{"box":[246,894,71,93],"attributes":[],"class":"2"},{"box":[297,858,78,83],"attributes":[],"class":"2"},{"box":[276,1377,97,108],"attributes":[],"class":"3"},{"box":[498,1380,87,115],"attributes":[],"class":"3"},{"box":[399,1546,40,50],"attributes":[],"class":"5"},{"box":[252,279,384,1224],"attributes":[],"class":"0"},{"attributes":[],"class":"0","points":[476,503,2,454,463,2,516,463,2]}]}