{"images":[{"filename":"[10]_[Front]_[Screen01]_[Ama01] 221.jpg","width":1080,"height":1920}],"annotations":[{"attributes":[],"class":"keypoint_club","points":[666,880,1,0,0,0,0,0,0]},{"box":[275,255,439,1234],"attributes":[],"class":"0"},{"box":[405,265,207,251],"attributes":[],"class":"1"},{"box":[651,875,68,85],"attributes":[],"class":"2"},{"box":[641,829,53,55],"attributes":[],"class":"2"},{"box":[982,1347,89,39],"attributes":[],"class":"6"},{"box":[273,1390,103,97],"attributes":[],"class":"3"},{"box":[498,1388,90,103],"attributes":[],"class":"3"},{"attributes":[],"class":"0","points":[543,479,2,519,443,2,564,435,2]}]}