{"images":[{"filename":"[10]_[Front]_[Screen01]_[Ama01] 057.jpg","width":1080,"height":1920}],"annotations":[{"attributes":[],"class":"keypoint_club","points":[393,905,1,58,1532,2,105,1498,2]},{"box":[273,280,366,1213],"attributes":[],"class":"0"},{"box":[395,282,189,273],"attributes":[],"class":"1"},{"box":[14,1493,100,81],"attributes":[],"class":"6"},{"box":[406,1549,33,36],"attributes":[],"class":"5"},{"box":[312,922,64,77],"attributes":[],"class":"2"},{"box":[356,882,61,84],"attributes":[],"class":"2"},{"box":[273,1388,105,108],"attributes":[],"class":"3"},{"box":[495,1393,89,103],"attributes":[],"class":"3"},{"attributes":[],"class":"0","points":[483,493,2,461,454,2,514,461,2]}]}