{"images":[{"filename":"[10]_[Front]_[Screen01]_[Ama01] 189.jpg","width":1080,"height":1920}],"annotations":[{"attributes":[],"class":"keypoint_club","points":[584,913,1,0,0,0,0,0,0]},{"box":[275,264,370,1225],"attributes":[],"class":"0"},{"box":[553,903,78,88],"attributes":[],"class":"2"},{"box":[566,854,56,66],"attributes":[],"class":"2"},{"box":[495,1378,88,110],"attributes":[],"class":"3"},{"box":[274,1378,105,111],"attributes":[],"class":"3"},{"box":[795,1442,77,47],"attributes":[],"class":"6"},{"box":[390,264,193,273],"attributes":[],"class":"1"},{"attributes":[],"class":"0","points":[495,479,2,469,452,2,521,452,2]}]}