{"images":[{"filename":"[10]_[Front]_[Screen01]_[Ama01] 161.jpg","width":1080,"height":1920}],"annotations":[{"attributes":[],"class":"keypoint_club","points":[440,929,1,0,0,0,0,0,0]},{"box":[278,274,312,1216],"attributes":[],"class":"0"},{"box":[381,274,203,272],"attributes":[],"class":"1"},{"box":[431,879,53,89],"attributes":[],"class":"2"},{"box":[392,933,62,102],"attributes":[],"class":"2"},{"box":[281,1498,65,95],"attributes":[],"class":"6"},{"box":[281,1387,90,103],"attributes":[],"class":"3"},{"box":[498,1384,86,106],"attributes":[],"class":"3"},{"box":[401,1545,40,50],"attributes":[],"class":"5"},{"attributes":[],"class":"0","points":[481,504,2,459,462,2,516,463,2]}]}