{"images":[{"filename":"[10]_[Front]_[Screen01]_[Ama01] 073.jpg","width":1080,"height":1920}],"annotations":[{"attributes":[],"class":"keypoint_club","points":[345,895,1,0,0,0,0,0,0]},{"box":[271,279,309,1215],"attributes":[],"class":"0"},{"box":[386,279,200,269],"attributes":[],"class":"1"},{"box":[271,904,49,87],"attributes":[],"class":"2"},{"box":[314,865,70,94],"attributes":[],"class":"2"},{"box":[279,1387,100,104],"attributes":[],"class":"3"},{"box":[499,1387,87,102],"attributes":[],"class":"3"},{"box":[396,1546,43,51],"attributes":[],"class":"5"},{"attributes":[],"class":"0","points":[485,498,2,457,466,2,523,466,2]}]}