{"images":[{"filename":"[10]_[Front]_[Screen01]_[Ama01] 009.jpg","width":1080,"height":1920}],"annotations":[{"attributes":[],"class":"keypoint_club","points":[466,939,1,375,1599,2,381,1556,2]},{"box":[276,276,369,1215],"attributes":[],"class":"0"},{"box":[397,276,197,281],"attributes":[],"class":"1"},{"box":[417,941,64,110],"attributes":[],"class":"2"},{"box":[452,894,57,88],"attributes":[],"class":"2"},{"box":[277,1389,103,98],"attributes":[],"class":"3"},{"box":[499,1387,85,104],"attributes":[],"class":"3"},{"box":[352,1551,35,60],"attributes":[],"class":"6"},{"box":[398,1547,42,49],"attributes":[],"class":"5"},{"attributes":[],"class":"0","points":[492,494,2,460,451,2,529,449,2]}]}