{"images":[{"filename":"[10]_[Front]_[Screen01]_[Ama01] 101.jpg","width":1080,"height":1920}],"annotations":[{"attributes":[],"class":"keypoint_club","points":[330,889,1,0,0,0,0,0,0]},{"box":[243,277,344,1215],"attributes":[],"class":"0"},{"box":[386,277,193,286],"attributes":[],"class":"1"},{"box":[241,892,64,92],"attributes":[],"class":"2"},{"box":[286,858,83,86],"attributes":[],"class":"2"},{"box":[274,1385,105,105],"attributes":[],"class":"3"},{"box":[498,1389,87,101],"attributes":[],"class":"3"},{"box":[398,1545,44,50],"attributes":[],"class":"5"},{"attributes":[],"class":"0","points":[483,493,2,461,454,2,514,461,2]}]}