{"images":[{"filename":"[10]_[Front]_[Screen01]_[Ama01] 029.jpg","width":1080,"height":1920}],"annotations":[{"attributes":[],"class":"keypoint_club","points":[456,926,1,308,1587,2,321,1547,2]},{"box":[273,284,363,1208],"attributes":[],"class":"0"},{"box":[390,287,200,254],"attributes":[],"class":"1"},{"box":[395,938,66,81],"attributes":[],"class":"2"},{"box":[432,895,73,82],"attributes":[],"class":"2"},{"box":[282,1540,46,62],"attributes":[],"class":"6"},{"box":[277,1379,98,105],"attributes":[],"class":"3"},{"box":[497,1394,85,94],"attributes":[],"class":"3"},{"box":[400,1544,39,48],"attributes":[],"class":"5"},{"attributes":[],"class":"0","points":[492,494,2,460,451,2,529,449,2]}]}