{"images":[{"filename":"[10]_[Front]_[Screen01]_[Ama01] 137.jpg","width":1080,"height":1920}],"annotations":[{"attributes":[],"class":"keypoint_club","points":[0,0,0,0,0,0,0,0,0]},{"box":[275,279,364,1219],"attributes":[],"class":"0"},{"box":[287,910,69,93],"attributes":[],"class":"2"},{"box":[382,283,192,270],"attributes":[],"class":"1"},{"box":[399,1547,41,50],"attributes":[],"class":"5"},{"box":[498,1376,84,117],"attributes":[],"class":"3"},{"box":[281,1383,104,100],"attributes":[],"class":"3"},{"box":[0,1453,41,37],"attributes":[],"class":"6"},{"box":[336,871,69,93],"attributes":[],"class":"2"},{"attributes":[],"class":"0","points":[477,493,2,454,464,2,506,465,2]}]}