{"images":[{"filename":"[10]_[Front]_[Screen01]_[Ama01] 129.jpg","width":1080,"height":1920}],"annotations":[{"attributes":[],"class":"keypoint_club","points":[0,0,0,0,0,0,0,0,0]},{"box":[271,277,363,1212],"attributes":[],"class":"0"},{"box":[385,282,195,261],"attributes":[],"class":"1"},{"box":[263,906,68,69],"attributes":[],"class":"2"},{"box":[311,869,78,83],"attributes":[],"class":"2"},{"box":[277,1383,87,105],"attributes":[],"class":"3"},{"box":[496,1389,89,96],"attributes":[],"class":"3"},{"box":[402,1544,38,44],"attributes":[],"class":"5"},{"attributes":[],"class":"0","points":[477,493,2,454,464,2,506,465,2]}]}