{"images":[{"filename":"[10]_[Front]_[Screen01]_[Ama01] 081.jpg","width":1080,"height":1920}],"annotations":[{"attributes":[],"class":"keypoint_club","points":[330,889,1,0,0,0,0,0,0]},{"box":[383,279,206,276],"attributes":[],"class":"1"},{"box":[257,887,68,101],"attributes":[],"class":"2"},{"box":[398,1547,40,48],"attributes":[],"class":"5"},{"box":[496,1378,83,111],"attributes":[],"class":"3"},{"box":[281,1383,100,98],"attributes":[],"class":"3"},{"box":[237,279,379,1221],"attributes":[],"class":"0"},{"box":[305,861,74,90],"attributes":[],"class":"2"},{"attributes":[],"class":"0","points":[485,498,2,457,466,2,523,466,2]}]}