{"images":[{"filename":"[10]_[Front]_[Screen01]_[Ama01] 153.jpg","width":1080,"height":1920}],"annotations":[{"attributes":[],"class":"keypoint_club","points":[0,0,0,0,0,0,0,0,0]},{"box":[275,273,369,1223],"attributes":[],"class":"0"},{"box":[379,272,203,280],"attributes":[],"class":"1"},{"box":[351,926,65,103],"attributes":[],"class":"2"},{"box":[391,883,77,91],"attributes":[],"class":"2"},{"box":[135,1515,58,56],"attributes":[],"class":"6"},{"box":[396,1544,45,51],"attributes":[],"class":"5"},{"box":[274,1390,103,107],"attributes":[],"class":"3"},{"box":[496,1385,90,112],"attributes":[],"class":"3"},{"attributes":[],"class":"0","points":[476,503,2,451,463,2,516,463,2]}]}