{"images":[{"filename":"[10]_[Front]_[Screen01]_[Ama01] 197.jpg","width":1080,"height":1920}],"annotations":[{"attributes":[],"class":"keypoint_club","points":[605,892,1,0,0,0,0,0,0]},{"box":[390,260,197,280],"attributes":[],"class":"1"},{"box":[598,840,51,66],"attributes":[],"class":"2"},{"box":[595,891,69,84],"attributes":[],"class":"2"},{"box":[275,1378,100,123],"attributes":[],"class":"3"},{"box":[498,1386,89,107],"attributes":[],"class":"3"},{"box":[877,1401,82,46],"attributes":[],"class":"6"},{"box":[275,260,389,1244],"attributes":[],"class":"0"},{"attributes":[],"class":"0","points":[503,472,2,478,451,2,525,450,2]}]}