{"images":[{"filename":"[10]_[Front]_[Screen01]_[Ama01] 069.jpg","width":1080,"height":1920}],"annotations":[{"attributes":[],"class":"keypoint_club","points":[354,903,1,0,0,0,33,1422,2]},{"box":[270,279,379,1223],"attributes":[],"class":"0"},{"box":[386,280,203,278],"attributes":[],"class":"1"},{"box":[397,1543,47,53],"attributes":[],"class":"5"},{"box":[0,1415,37,72],"attributes":[],"class":"6"},{"box":[328,869,79,97],"attributes":[],"class":"2"},{"box":[279,908,71,100],"attributes":[],"class":"2"},{"box":[274,1380,111,113],"attributes":[],"class":"3"},{"box":[495,1381,92,117],"attributes":[],"class":"3"},{"attributes":[],"class":"0","points":[483,493,2,461,454,2,514,461,2]}]}