{"images":[{"filename":"[10]_[Front]_[Screen01]_[Ama01] 141.jpg","width":1080,"height":1920}],"annotations":[{"attributes":[],"class":"keypoint_club","points":[0,0,0,0,0,0,0,0,0]},{"box":[272,274,354,1222],"attributes":[],"class":"0"},{"box":[299,917,52,83],"attributes":[],"class":"2"},{"box":[348,881,59,78],"attributes":[],"class":"2"},{"box":[0,1468,82,55],"attributes":[],"class":"6"},{"box":[399,1545,44,46],"attributes":[],"class":"5"},{"box":[278,1389,100,97],"attributes":[],"class":"3"},{"box":[492,1382,96,107],"attributes":[],"class":"3"},{"box":[385,286,191,264],"attributes":[],"class":"1"},{"attributes":[],"class":"0","points":[477,493,2,454,464,2,506,465,2]}]}