{"images":[{"filename":"[10]_[Front]_[Screen01]_[Ama01] 213.jpg","width":1080,"height":1920}],"annotations":[{"attributes":[],"class":"keypoint_club","points":[630,872,1,0,0,0,0,0,0]},{"box":[966,1354,75,39],"attributes":[],"class":"6"},{"box":[632,873,74,83],"attributes":[],"class":"2"},{"box":[638,830,47,52],"attributes":[],"class":"2"},{"box":[275,1390,106,103],"attributes":[],"class":"3"},{"box":[494,1387,91,99],"attributes":[],"class":"3"},{"box":[402,260,203,270],"attributes":[],"class":"1"},{"box":[278,261,427,1225],"attributes":[],"class":"0"},{"attributes":[],"class":"0","points":[522,473,2,500,443,2,544,444,2]}]}