{"images":[{"filename":"[10]_[Front]_[Screen01]_[Ama01] 185.jpg","width":1080,"height":1920}],"annotations":[{"attributes":[],"class":"keypoint_club","points":[562,902,1,0,0,0,0,0,0]},{"box":[744,1467,73,45],"attributes":[],"class":"6"},{"box":[1032,1558,48,43],"attributes":[],"class":"5"},{"box":[498,1379,86,112],"attributes":[],"class":"3"},{"box":[280,1375,103,109],"attributes":[],"class":"3"},{"box":[537,868,72,133],"attributes":[],"class":"2"},{"box":[392,269,190,264],"attributes":[],"class":"1"},{"box":[278,270,368,1220],"attributes":[],"class":"0"},{"attributes":[],"class":"0","points":[490,490,2,462,459,2,524,456,2]}]}