{"images":[{"filename":"[10]_[Front]_[Screen01]_[Ama01] 021.jpg","width":1080,"height":1920}],"annotations":[{"attributes":[],"class":"keypoint_club","points":[464,934,1,348,1593,2,358,1548,2]},{"box":[273,283,367,1218],"attributes":[],"class":"0"},{"box":[391,293,194,254],"attributes":[],"class":"1"},{"box":[404,939,53,95],"attributes":[],"class":"2"},{"box":[444,899,57,87],"attributes":[],"class":"2"},{"box":[281,1387,98,99],"attributes":[],"class":"3"},{"box":[493,1392,90,96],"attributes":[],"class":"3"},{"box":[400,1547,39,46],"attributes":[],"class":"5"},{"box":[318,1538,46,77],"attributes":[],"class":"6"},{"attributes":[],"class":"0","points":[492,494,2,460,451,2,529,449,2]}]}