{"images":[{"filename":"[10]_[Front]_[Screen01]_[Ama01] 193.jpg","width":1080,"height":1920}],"annotations":[{"attributes":[],"class":"keypoint_club","points":[599,898,1,0,0,0,0,0,0]},{"box":[277,265,376,1222],"attributes":[],"class":"0"},{"box":[389,264,196,269],"attributes":[],"class":"1"},{"box":[574,899,72,94],"attributes":[],"class":"2"},{"box":[584,849,52,64],"attributes":[],"class":"2"},{"box":[277,1391,99,96],"attributes":[],"class":"3"},{"box":[499,1385,85,102],"attributes":[],"class":"3"},{"box":[841,1422,76,43],"attributes":[],"class":"6"},{"attributes":[],"class":"0","points":[497,490,2,468,453,2,527,456,2]}]}