{"images":[{"filename":"[10]_[Front]_[Screen01]_[Ama01] 041.jpg","width":1080,"height":1920}],"annotations":[{"attributes":[],"class":"keypoint_club","points":[426,910,1,213,1573,2,237,1531,2]},{"box":[282,278,349,1215],"attributes":[],"class":"0"},{"box":[396,280,193,275],"attributes":[],"class":"1"},{"box":[364,930,69,97],"attributes":[],"class":"2"},{"box":[189,1536,60,55],"attributes":[],"class":"6"},{"box":[398,1547,40,48],"attributes":[],"class":"5"},{"box":[496,1378,83,111],"attributes":[],"class":"3"},{"box":[281,1383,100,98],"attributes":[],"class":"3"},{"box":[407,890,58,85],"attributes":[],"class":"2"},{"attributes":[],"class":"0","points":[483,493,2,456,456,2,522,459,2]}]}