{"images":[{"filename":"[10]_[Front]_[Screen01]_[Ama01] 157.jpg","width":1080,"height":1920}],"annotations":[{"attributes":[],"class":"keypoint_club","points":[421,919,1,0,0,0,0,0,0]},{"box":[278,276,373,1225],"attributes":[],"class":"0"},{"box":[381,276,201,272],"attributes":[],"class":"1"},{"box":[366,928,56,111],"attributes":[],"class":"2"},{"box":[406,884,60,102],"attributes":[],"class":"2"},{"box":[278,1389,96,105],"attributes":[],"class":"3"},{"box":[492,1386,94,107],"attributes":[],"class":"3"},{"box":[203,1522,65,88],"attributes":[],"class":"6"},{"box":[395,1545,50,53],"attributes":[],"class":"5"},{"attributes":[],"class":"0","points":[477,493,2,454,464,2,506,465,2]}]}