{"images":[{"filename":"[10]_[Front]_[Screen01]_[Ama01] 089.jpg","width":1080,"height":1920}],"annotations":[{"attributes":[],"class":"keypoint_club","points":[330,889,1,0,0,0,0,0,0]},{"box":[237,285,386,1214],"attributes":[],"class":"0"},{"box":[251,888,47,67],"attributes":[],"class":"2"},{"box":[301,866,52,69],"attributes":[],"class":"2"},{"box":[270,1382,108,103],"attributes":[],"class":"3"},{"box":[489,1377,95,114],"attributes":[],"class":"3"},{"box":[398,1546,41,45],"attributes":[],"class":"5"},{"box":[392,280,192,269],"attributes":[],"class":"1"},{"attributes":[],"class":"0","points":[483,493,2,461,454,2,514,461,2]}]}