{"images":[{"filename":"[10]_[Front]_[Screen01]_[Ama01] 093.jpg","width":1080,"height":1920}],"annotations":[{"attributes":[],"class":"keypoint_club","points":[330,889,1,0,0,0,0,0,0]},{"box":[238,290,400,1202],"attributes":[],"class":"0"},{"box":[384,290,195,248],"attributes":[],"class":"1"},{"box":[298,861,66,77],"attributes":[],"class":"2"},{"box":[243,890,59,86],"attributes":[],"class":"2"},{"box":[275,1382,99,108],"attributes":[],"class":"3"},{"box":[493,1382,98,103],"attributes":[],"class":"3"},{"box":[397,1546,42,47],"attributes":[],"class":"5"},{"attributes":[],"class":"0","points":[483,493,2,461,454,2,514,461,2]}]}