{"images":[{"filename":"[10]_[Front]_[Screen01]_[Ama01] 181.jpg","width":1080,"height":1920}],"annotations":[{"attributes":[],"class":"keypoint_club","points":[556,913,1,0,0,0,0,0,0]},{"box":[278,272,368,1220],"attributes":[],"class":"0"},{"box":[385,280,200,241],"attributes":[],"class":"1"},{"box":[517,914,61,87],"attributes":[],"class":"2"},{"box":[534,865,53,67],"attributes":[],"class":"2"},{"box":[279,1385,98,99],"attributes":[],"class":"3"},{"box":[498,1394,84,87],"attributes":[],"class":"3"},{"box":[680,1490,52,51],"attributes":[],"class":"6"},{"box":[924,1558,46,39],"attributes":[],"class":"5"},{"attributes":[],"class":"0","points":[490,490,2,462,459,2,524,456,2]}]}