{"images":[{"filename":"[10]_[Front]_[Screen01]_[Ama01] 065.jpg","width":1080,"height":1920}],"annotations":[{"attributes":[],"class":"keypoint_club","points":[349,917,1,0,1504,2,40,1472,2]},{"box":[269,287,364,1201],"attributes":[],"class":"0"},{"box":[290,915,57,97],"attributes":[],"class":"2"},{"box":[334,882,63,83],"attributes":[],"class":"2"},{"box":[397,291,179,260],"attributes":[],"class":"1"},{"box":[0,1467,52,50],"attributes":[],"class":"6"},{"box":[398,1545,43,44],"attributes":[],"class":"5"},{"box":[278,1386,100,99],"attributes":[],"class":"3"},{"box":[494,1386,91,101],"attributes":[],"class":"3"},{"attributes":[],"class":"0","points":[483,493,2,461,454,2,514,461,2]}]}