{"images":[{"filename":"[10]_[Front]_[Screen01]_[Ama01] 209.jpg","width":1080,"height":1920}],"annotations":[{"attributes":[],"class":"keypoint_club","points":[630,872,1,0,0,0,0,0,0]},{"box":[273,254,434,1245],"attributes":[],"class":"0"},{"box":[394,259,209,280],"attributes":[],"class":"1"},{"box":[943,1363,90,43],"attributes":[],"class":"6"},{"box":[624,829,60,72],"attributes":[],"class":"2"},{"box":[620,877,82,100],"attributes":[],"class":"2"},{"box":[494,1381,97,113],"attributes":[],"class":"3"},{"box":[275,1384,108,112],"attributes":[],"class":"3"},{"attributes":[],"class":"0","points":[516,485,2,480,451,2,541,454,2]}]}