{"images":[{"filename":"[10]_[Front]_[Screen01]_[Ama01] 105.jpg","width":1080,"height":1920}],"annotations":[{"attributes":[],"class":"keypoint_club","points":[330,889,1,0,0,0,0,0,0]},{"box":[384,273,195,275],"attributes":[],"class":"1"},{"box":[284,858,68,92],"attributes":[],"class":"2"},{"box":[235,889,71,96],"attributes":[],"class":"2"},{"box":[274,1380,115,112],"attributes":[],"class":"3"},{"box":[494,1380,96,117],"attributes":[],"class":"3"},{"box":[397,1544,45,53],"attributes":[],"class":"5"},{"box":[233,273,387,1226],"attributes":[],"class":"0"},{"attributes":[],"class":"0","points":[477,493,2,454,464,2,506,465,2]}]}