{"images":[{"filename":"[10]_[Front]_[Screen01]_[Ama01] 125.jpg","width":1080,"height":1920}],"annotations":[{"attributes":[],"class":"keypoint_club","points":[330,889,1,0,0,0,0,0,0]},{"box":[252,275,382,1211],"attributes":[],"class":"0"},{"box":[381,276,200,275],"attributes":[],"class":"1"},{"box":[262,900,64,92],"attributes":[],"class":"2"},{"box":[308,863,75,98],"attributes":[],"class":"2"},{"box":[278,1374,105,110],"attributes":[],"class":"3"},{"box":[498,1375,88,115],"attributes":[],"class":"3"},{"box":[400,1544,42,51],"attributes":[],"class":"5"},{"attributes":[],"class":"0","points":[477,493,2,454,464,2,506,465,2]}]}