{"images":[{"filename":"[10]_[Front]_[Screen01]_[Ama01] 173.jpg","width":1080,"height":1920}],"annotations":[{"attributes":[],"class":"keypoint_club","points":[509,932,1,0,0,0,0,0,0]},{"box":[671,1546,65,52],"attributes":[],"class":"5"},{"box":[515,1527,59,57],"attributes":[],"class":"6"},{"box":[470,924,63,100],"attributes":[],"class":"2"},{"box":[498,875,49,104],"attributes":[],"class":"2"},{"box":[270,1387,112,102],"attributes":[],"class":"3"},{"box":[495,1397,89,94],"attributes":[],"class":"3"},{"box":[383,271,195,271],"attributes":[],"class":"1"},{"box":[280,277,359,1216],"attributes":[],"class":"0"},{"attributes":[],"class":"0","points":[482,495,2,459,462,2,516,463,2]}]}