{"images":[{"filename":"[10]_[Front]_[Screen01]_[Ama01] 109.jpg","width":1080,"height":1920}],"annotations":[{"attributes":[],"class":"keypoint_club","points":[330,889,1,0,0,0,0,0,0]},{"box":[392,1543,54,54],"attributes":[],"class":"5"},{"box":[237,892,57,90],"attributes":[],"class":"2"},{"box":[290,860,72,77],"attributes":[],"class":"2"},{"box":[273,1393,101,98],"attributes":[],"class":"3"},{"box":[497,1386,90,105],"attributes":[],"class":"3"},{"box":[380,277,197,271],"attributes":[],"class":"1"},{"box":[244,281,346,1206],"attributes":[],"class":"0"},{"attributes":[],"class":"0","points":[476,503,2,454,463,2,517,463,2]}]}