{"images":[{"filename":"[10]_[Front]_[Screen01]_[Ama01] 217.jpg","width":1080,"height":1920}],"annotations":[{"attributes":[],"class":"keypoint_club","points":[642,865,1,0,0,0,0,0,0]},{"box":[273,257,439,1236],"attributes":[],"class":"0"},{"box":[284,1382,100,111],"attributes":[],"class":"3"},{"box":[489,1385,92,106],"attributes":[],"class":"3"},{"box":[642,877,50,39],"attributes":[],"class":"2"},{"box":[634,827,53,50],"attributes":[],"class":"2"},{"box":[973,1349,83,36],"attributes":[],"class":"6"},{"box":[403,246,203,247],"attributes":[],"class":"1"},{"attributes":[],"class":"0","points":[528,481,2,497,451,2,551,448,2]}]}