{"images":[{"filename":"[10]_[Front]_[Screen01]_[Ama01] 085.jpg","width":1080,"height":1920}],"annotations":[{"attributes":[],"class":"keypoint_club","points":[330,889,1,0,0,0,0,0,0]},{"box":[249,275,390,1217],"attributes":[],"class":"0"},{"box":[385,280,193,263],"attributes":[],"class":"1"},{"box":[249,889,54,85],"attributes":[],"class":"2"},{"box":[297,864,69,87],"attributes":[],"class":"2"},{"box":[276,1389,93,93],"attributes":[],"class":"3"},{"box":[490,1385,93,107],"attributes":[],"class":"3"},{"box":[399,1546,38,46],"attributes":[],"class":"5"},{"attributes":[],"class":"0","points":[483,493,2,461,454,2,514,461,2]}]}