{"images":[{"filename":"[10]_[Front]_[Screen01]_[Ama01] 229.jpg","width":1080,"height":1920}],"annotations":[{"attributes":[],"class":"keypoint_club","points":[660,863,1,0,0,0,0,0,0]},{"box":[272,249,453,1236],"attributes":[],"class":"0"},{"box":[992,1334,88,40],"attributes":[],"class":"6"},{"box":[274,1380,108,108],"attributes":[],"class":"3"},{"box":[499,1383,88,102],"attributes":[],"class":"3"},{"box":[648,828,53,48],"attributes":[],"class":"2"},{"box":[647,874,77,96],"attributes":[],"class":"2"},{"box":[408,245,208,281],"attributes":[],"class":"1"},{"attributes":[],"class":"0","points":[555,478,2,519,443,2,574,433,2]}]}