{"images":[{"filename":"[01]_[Front]_[Screen01]_[Ama01] 025.jpg","width":1080,"height":1920}],"annotations":[{"attributes":[],"class":"keypoint_club","points":[453,939,1,188,1632,2,238,1594,2]},{"box":[268,464,330,920],"attributes":[],"class":"0"},{"box":[412,462,139,194],"attributes":[],"class":"1"},{"box":[409,938,57,71],"attributes":[],"class":"2"},{"box":[439,924,57,75],"attributes":[],"class":"2"},{"box":[267,1321,71,62],"attributes":[],"class":"3"},{"box":[522,1321,70,63],"attributes":[],"class":"3"},{"box":[458,1568,48,51],"attributes":[],"class":"5"},{"box":[123,1577,132,92],"attributes":[],"class":"6"},{"attributes":[],"class":"0","points":[484,599,2,460,579,2,507,586,2]}]}