{"images":[{"filename":"[01]_[Front]_[Screen01]_[Ama01] 117.jpg","width":1080,"height":1920}],"annotations":[{"attributes":[],"class":"keypoint_club","points":[340,621,1,0,0,0,0,0,0]},{"box":[260,463,336,924],"attributes":[],"class":"0"},{"box":[524,1309,71,79],"attributes":[],"class":"3"},{"box":[261,1317,93,68],"attributes":[],"class":"3"},{"box":[384,463,144,181],"attributes":[],"class":"1"},{"box":[359,610,47,42],"attributes":[],"class":"2"},{"box":[315,604,49,39],"attributes":[],"class":"2"},{"box":[460,1568,46,50],"attributes":[],"class":"5"},{"box":[874,666,36,58],"attributes":[],"class":"6"},{"attributes":[],"class":"0","points":[431,601,2,420,580,2,466,588,2]}]}