{"images":[{"filename":"[01]_[Front]_[Screen01]_[Ama01] 109.jpg","width":1080,"height":1920}],"annotations":[{"attributes":[],"class":"keypoint_club","points":[322,639,1,0,0,0,0,0,0]},{"box":[460,1569,46,48],"attributes":[],"class":"5"},{"box":[871,625,47,57],"attributes":[],"class":"6"},{"box":[352,609,52,42],"attributes":[],"class":"2"},{"box":[313,607,52,43],"attributes":[],"class":"2"},{"box":[266,1309,91,65],"attributes":[],"class":"3"},{"box":[520,1317,73,68],"attributes":[],"class":"3"},{"box":[265,467,328,921],"attributes":[],"class":"0"},{"box":[383,468,140,166],"attributes":[],"class":"1"},{"attributes":[],"class":"0","points":[431,601,2,420,580,2,466,588,2]}]}