{"images":[{"filename":"[01]_[Front]_[Screen01]_[Ama01] 177.jpg","width":1080,"height":1920}],"annotations":[{"attributes":[],"class":"keypoint_club","points":[608,647,1,0,0,0,0,0,0]},{"box":[254,420,413,967],"attributes":[],"class":"0"},{"box":[256,1291,70,92],"attributes":[],"class":"3"},{"box":[518,1303,79,82],"attributes":[],"class":"3"},{"box":[584,633,55,46],"attributes":[],"class":"2"},{"box":[679,399,55,50],"attributes":[],"class":"6"},{"box":[413,423,140,172],"attributes":[],"class":"1"}]}