{"images":[{"filename":"[01]_[Front]_[Screen01]_[Ama01] 065.jpg","width":1080,"height":1920}],"annotations":[{"attributes":[],"class":"keypoint_club","points":[271,862,2,0,0,0,0,0,0]},{"box":[399,465,136,195],"attributes":[],"class":"1"},{"box":[193,464,399,924],"attributes":[],"class":"0"},{"box":[265,1308,85,70],"attributes":[],"class":"3"},{"box":[523,1314,69,73],"attributes":[],"class":"3"},{"box":[213,810,50,52],"attributes":[],"class":"2"},{"box":[194,796,60,37],"attributes":[],"class":"2"},{"box":[461,1567,46,48],"attributes":[],"class":"5"},{"attributes":[],"class":"0","points":[462,613,2,448,590,2,492,590,2]}]}