{"images":[{"filename":"[01]_[Front]_[Screen01]_[Ama01] 173.jpg","width":1080,"height":1920}],"annotations":[{"attributes":[],"class":"keypoint_club","points":[660,691,1,0,0,0,0,0,0]},{"box":[257,426,423,964],"attributes":[],"class":"0"},{"box":[390,428,159,192],"attributes":[],"class":"1"},{"box":[633,678,44,32],"attributes":[],"class":"2"},{"box":[612,685,27,21],"attributes":[],"class":"2"},{"box":[896,521,54,43],"attributes":[],"class":"6"},{"box":[259,1304,72,81],"attributes":[],"class":"3"},{"box":[513,1312,88,73],"attributes":[],"class":"3"},{"attributes":[],"class":"0","points":[500,566,2,473,546,2,512,549,2]}]}