{"images":[{"filename":"[01]_[Front]_[Screen01]_[Ama01] 061.jpg","width":1080,"height":1920}],"annotations":[{"attributes":[],"class":"keypoint_club","points":[0,0,0,0,0,0,0,0,0]},{"box":[403,471,139,202],"attributes":[],"class":"1"},{"box":[226,836,59,56],"attributes":[],"class":"2"},{"box":[197,823,58,48],"attributes":[],"class":"2"},{"box":[521,1321,71,68],"attributes":[],"class":"3"},{"box":[267,1308,84,70],"attributes":[],"class":"3"},{"box":[460,1568,47,45],"attributes":[],"class":"5"},{"box":[197,470,398,918],"attributes":[],"class":"0"},{"attributes":[],"class":"0","points":[474,613,2,464,577,2,506,582,2]}]}