{"images":[{"filename":"[01]_[Front]_[Screen01]_[Ama01] 105.jpg","width":1080,"height":1920}],"annotations":[{"attributes":[],"class":"keypoint_club","points":[322,639,1,0,0,0,0,0,0]},{"box":[260,460,341,931],"attributes":[],"class":"0"},{"box":[852,582,57,77],"attributes":[],"class":"6"},{"box":[306,606,65,38],"attributes":[],"class":"2"},{"box":[360,623,52,33],"attributes":[],"class":"2"},{"box":[457,1563,52,56],"attributes":[],"class":"5"},{"box":[386,466,141,173],"attributes":[],"class":"1"},{"box":[267,1304,95,76],"attributes":[],"class":"3"},{"box":[519,1321,76,66],"attributes":[],"class":"3"},{"attributes":[],"class":"0","points":[431,604,2,420,580,2,466,588,2]}]}