{"images":[{"filename":"[01]_[Front]_[Screen01]_[Ama01] 069.jpg","width":1080,"height":1920}],"annotations":[{"attributes":[],"class":"keypoint_club","points":[248,836,2,58,562,2,29,593,2]},{"box":[460,1568,46,50],"attributes":[],"class":"5"},{"box":[194,472,400,917],"attributes":[],"class":"0"},{"box":[262,1306,101,79],"attributes":[],"class":"3"},{"box":[516,1316,78,73],"attributes":[],"class":"3"},{"box":[194,759,58,39],"attributes":[],"class":"2"},{"box":[209,783,51,48],"attributes":[],"class":"2"},{"box":[391,469,143,191],"attributes":[],"class":"1"},{"attributes":[],"class":"0","points":[457,619,2,488,594,2,437,590,2]}]}