{"images":[{"filename":"[01]_[Front]_[Screen01]_[Ama01] 033.jpg","width":1080,"height":1920}],"annotations":[{"attributes":[],"class":"keypoint_club","points":[465,933,2,0,0,0,4,1503,2]},{"box":[262,464,349,924],"attributes":[],"class":"0"},{"box":[414,464,135,193],"attributes":[],"class":"1"},{"box":[373,935,55,71],"attributes":[],"class":"2"},{"box":[405,920,57,75],"attributes":[],"class":"2"},{"box":[262,1311,88,78],"attributes":[],"class":"3"},{"box":[516,1315,76,75],"attributes":[],"class":"3"},{"box":[462,1567,45,51],"attributes":[],"class":"5"},{"attributes":[],"class":"0","points":[480,605,2,464,577,2,506,582,2]}]}