{"images":[{"filename":"[01]_[Front]_[Screen01]_[Ama01] 041.jpg","width":1080,"height":1920}],"annotations":[{"attributes":[],"class":"keypoint_club","points":[404,934,2,0,0,0,0,0,0]},{"box":[268,470,325,916],"attributes":[],"class":"0"},{"box":[414,470,135,178],"attributes":[],"class":"1"},{"box":[460,1568,47,46],"attributes":[],"class":"5"},{"box":[325,926,55,72],"attributes":[],"class":"2"},{"box":[360,914,69,73],"attributes":[],"class":"2"},{"box":[268,1309,87,74],"attributes":[],"class":"3"},{"box":[521,1319,68,67],"attributes":[],"class":"3"},{"attributes":[],"class":"0","points":[477,607,2,456,588,2,502,593,2]}]}