{"images":[{"filename":"[01]_[Front]_[Screen01]_[Ama01] 141.jpg","width":1080,"height":1920}],"annotations":[{"attributes":[],"class":"keypoint_club","points":[228,740,2,585,463,2,545,435,2]},{"box":[220,462,401,918],"attributes":[],"class":"0"},{"box":[405,478,132,166],"attributes":[],"class":"1"},{"box":[252,671,52,37],"attributes":[],"class":"2"},{"box":[226,692,45,52],"attributes":[],"class":"2"},{"box":[260,1299,86,81],"attributes":[],"class":"3"},{"box":[519,1329,69,59],"attributes":[],"class":"3"},{"box":[457,1566,53,52],"attributes":[],"class":"5"},{"box":[529,425,66,71],"attributes":[],"class":"6"},{"attributes":[],"class":"0","points":[460,597,2,443,578,2,482,579,2]}]}