{"images":[{"filename":"[01]_[Front]_[Screen01]_[Ama01] 021.jpg","width":1080,"height":1920}],"annotations":[{"attributes":[],"class":"keypoint_club","points":[453,959,1,275,1636,2,318,1594,2]},{"box":[268,470,334,916],"attributes":[],"class":"0"},{"box":[417,470,135,178],"attributes":[],"class":"1"},{"box":[214,1586,125,108],"attributes":[],"class":"6"},{"box":[460,1568,47,46],"attributes":[],"class":"5"},{"box":[421,943,59,72],"attributes":[],"class":"2"},{"box":[448,925,55,82],"attributes":[],"class":"2"},{"box":[268,1309,87,74],"attributes":[],"class":"3"},{"box":[522,1319,66,67],"attributes":[],"class":"3"},{"attributes":[],"class":"0","points":[480,605,2,464,577,2,512,578,2]}]}