{"images":[{"filename":"[01]_[Front]_[Screen01]_[Ama01] 157.jpg","width":1080,"height":1920}],"annotations":[{"attributes":[],"class":"keypoint_club","points":[510,873,1,0,0,0,0,0,0]},{"box":[264,452,338,936],"attributes":[],"class":"0"},{"box":[407,455,131,182],"attributes":[],"class":"1"},{"box":[459,1567,48,54],"attributes":[],"class":"5"},{"box":[425,876,63,57],"attributes":[],"class":"2"},{"box":[463,850,75,56],"attributes":[],"class":"2"},{"box":[259,1302,100,80],"attributes":[],"class":"3"},{"box":[523,1312,71,74],"attributes":[],"class":"3"},{"attributes":[],"class":"0","points":[466,591,2,442,565,2,489,564,2]}]}