{"images":[{"filename":"[01]_[Front]_[Screen01]_[Ama01] 089.jpg","width":1080,"height":1920}],"annotations":[{"attributes":[],"class":"keypoint_club","points":[257,681,1,652,501,2,616,466,2]},{"box":[250,472,344,917],"attributes":[],"class":"0"},{"box":[248,650,51,44],"attributes":[],"class":"2"},{"box":[299,639,41,46],"attributes":[],"class":"2"},{"box":[266,1303,78,78],"attributes":[],"class":"3"},{"box":[527,1324,62,64],"attributes":[],"class":"3"},{"box":[606,457,56,46],"attributes":[],"class":"6"},{"box":[383,474,138,181],"attributes":[],"class":"1"},{"box":[460,1569,47,45],"attributes":[],"class":"5"},{"attributes":[],"class":"0","points":[435,605,2,423,580,2,466,589,2]}]}