{"images":[{"filename":"[01]_[Front]_[Screen01]_[Ama01] 057.jpg","width":1080,"height":1920}],"annotations":[{"attributes":[],"class":"keypoint_club","points":[0,0,0,0,0,0,0,0,0]},{"box":[207,483,383,901],"attributes":[],"class":"0"},{"box":[403,483,139,175],"attributes":[],"class":"1"},{"box":[207,854,64,52],"attributes":[],"class":"2"},{"box":[251,861,63,60],"attributes":[],"class":"2"},{"box":[268,1308,84,71],"attributes":[],"class":"3"},{"box":[522,1316,68,68],"attributes":[],"class":"3"},{"box":[460,1568,46,44],"attributes":[],"class":"5"},{"attributes":[],"class":"0","points":[474,613,2,464,577,2,506,582,2]}]}