{"images":[{"filename":"[01]_[Front]_[Screen01]_[Ama01] 165.jpg","width":1080,"height":1920}],"annotations":[{"attributes":[],"class":"keypoint_club","points":[693,842,1,0,0,0,0,0,0]},{"box":[262,440,431,946],"attributes":[],"class":"0"},{"box":[388,440,145,183],"attributes":[],"class":"1"},{"box":[521,1310,75,75],"attributes":[],"class":"3"},{"box":[265,1303,81,81],"attributes":[],"class":"3"},{"box":[619,780,46,48],"attributes":[],"class":"2"},{"box":[642,799,45,50],"attributes":[],"class":"2"},{"attributes":[],"class":"0","points":[472,582,2,448,561,2,500,562,2]}]}