{"images":[{"filename":"[01]_[Front]_[Screen01]_[Ama01] 009.jpg","width":1080,"height":1920}],"annotations":[{"attributes":[],"class":"keypoint_club","points":[473,944,2,378,1644,2,421,1600,2]},{"box":[258,469,342,916],"attributes":[],"class":"0"},{"box":[416,471,137,177],"attributes":[],"class":"1"},{"box":[436,947,58,76],"attributes":[],"class":"2"},{"box":[463,922,49,81],"attributes":[],"class":"2"},{"box":[326,1586,119,100],"attributes":[],"class":"6"},{"box":[458,1568,48,51],"attributes":[],"class":"5"},{"box":[265,1302,88,82],"attributes":[],"class":"3"},{"box":[521,1317,70,67],"attributes":[],"class":"3"},{"attributes":[],"class":"0","points":[480,605,2,464,577,2,512,578,2]}]}