{"images":[{"filename":"[01]_[Front]_[Screen01]_[Ama01] 037.jpg","width":1080,"height":1920}],"annotations":[{"attributes":[],"class":"keypoint_club","points":[443,938,2,0,0,0,0,0,0]},{"box":[265,467,330,920],"attributes":[],"class":"0"},{"box":[460,1569,46,52],"attributes":[],"class":"5"},{"box":[353,928,56,81],"attributes":[],"class":"2"},{"box":[386,922,62,72],"attributes":[],"class":"2"},{"box":[265,1307,89,73],"attributes":[],"class":"3"},{"box":[523,1310,68,71],"attributes":[],"class":"3"},{"box":[417,470,133,190],"attributes":[],"class":"1"},{"attributes":[],"class":"0","points":[480,605,2,464,577,2,506,582,2]}]}