{"images":[{"filename":"[01]_[Front]_[Screen01]_[Ama01] 029.jpg","width":1080,"height":1920}],"annotations":[{"attributes":[],"class":"keypoint_club","points":[0,0,0,55,1611,2,117,1576,2]},{"box":[268,470,325,916],"attributes":[],"class":"0"},{"box":[414,470,135,178],"attributes":[],"class":"1"},{"box":[1,1559,138,120],"attributes":[],"class":"6"},{"box":[460,1568,47,46],"attributes":[],"class":"5"},{"box":[397,941,59,72],"attributes":[],"class":"2"},{"box":[429,924,54,74],"attributes":[],"class":"2"},{"box":[268,1309,87,74],"attributes":[],"class":"3"},{"box":[522,1319,66,67],"attributes":[],"class":"3"},{"attributes":[],"class":"0","points":[484,599,2,460,579,2,507,586,2]}]}