{"images":[{"filename":"[01]_[Front]_[Screen01]_[Ama01] 133.jpg","width":1080,"height":1920}],"annotations":[{"attributes":[],"class":"keypoint_club","points":[293,652,1,0,0,0,0,0,0]},{"box":[262,463,333,927],"attributes":[],"class":"0"},{"box":[272,630,44,41],"attributes":[],"class":"2"},{"box":[316,625,49,42],"attributes":[],"class":"2"},{"box":[459,1567,46,48],"attributes":[],"class":"5"},{"box":[767,508,58,95],"attributes":[],"class":"6"},{"box":[265,1312,79,71],"attributes":[],"class":"3"},{"box":[524,1325,69,64],"attributes":[],"class":"3"},{"box":[398,464,139,183],"attributes":[],"class":"1"},{"attributes":[],"class":"0","points":[449,603,2,476,585,2,433,581,2]}]}