{"images":[{"filename":"[01]_[Front]_[Screen01]_[Ama01] 137.jpg","width":1080,"height":1920}],"annotations":[{"attributes":[],"class":"keypoint_club","points":[267,682,1,0,0,0,0,0,0]},{"box":[461,1567,46,48],"attributes":[],"class":"5"},{"box":[266,1306,83,70],"attributes":[],"class":"3"},{"box":[524,1317,67,74],"attributes":[],"class":"3"},{"box":[242,650,56,54],"attributes":[],"class":"2"},{"box":[280,645,53,41],"attributes":[],"class":"2"},{"box":[399,466,136,180],"attributes":[],"class":"1"},{"box":[242,464,349,930],"attributes":[],"class":"0"},{"box":[530,174,68,88],"attributes":[],"class":"6"},{"attributes":[],"class":"0","points":[451,599,2,436,577,2,485,582,2]}]}