{"images":[{"filename":"[01]_[Front]_[Screen01]_[Ama01] 149.jpg","width":1080,"height":1920}],"annotations":[{"attributes":[],"class":"keypoint_club","points":[302,845,2,0,0,0,0,0,0]},{"box":[23,502,82,56],"attributes":[],"class":"6"},{"box":[460,1569,46,48],"attributes":[],"class":"5"},{"box":[221,767,65,47],"attributes":[],"class":"2"},{"box":[243,784,78,64],"attributes":[],"class":"2"},{"box":[263,1301,93,77],"attributes":[],"class":"3"},{"box":[520,1314,71,73],"attributes":[],"class":"3"},{"box":[220,464,384,925],"attributes":[],"class":"0"},{"box":[413,466,129,172],"attributes":[],"class":"1"},{"attributes":[],"class":"0","points":[467,594,2,452,572,2,495,575,2]}]}