{"images":[{"filename":"[01]_[Front]_[Screen01]_[Ama01] 161.jpg","width":1080,"height":1920}],"annotations":[{"attributes":[],"class":"keypoint_club","points":[579,871,1,956,1517,2,0,0,0]},{"box":[262,447,356,949],"attributes":[],"class":"0"},{"box":[398,448,134,188],"attributes":[],"class":"1"},{"box":[555,828,63,90],"attributes":[],"class":"2"},{"box":[266,1300,82,80],"attributes":[],"class":"3"},{"box":[519,1328,74,58],"attributes":[],"class":"3"},{"box":[796,1454,245,123],"attributes":[],"class":"6"},{"attributes":[],"class":"0","points":[466,595,2,494,566,2,446,571,2]}]}