{"images":[{"filename":"[01]_[Front]_[Screen01]_[Ama01] 081.jpg","width":1080,"height":1920}],"annotations":[{"attributes":[],"class":"keypoint_club","points":[232,747,2,0,0,0,0,0,0]},{"box":[222,479,373,912],"attributes":[],"class":"0"},{"box":[385,479,140,177],"attributes":[],"class":"1"},{"box":[248,678,44,42],"attributes":[],"class":"2"},{"box":[222,691,41,48],"attributes":[],"class":"2"},{"box":[265,1308,82,76],"attributes":[],"class":"3"},{"box":[520,1314,73,76],"attributes":[],"class":"3"},{"box":[460,1568,46,50],"attributes":[],"class":"5"},{"attributes":[],"class":"0","points":[448,612,2,431,587,2,480,596,2]}]}