{"images":[{"filename":"[01]_[Front]_[Screen01]_[Ama01] 101.jpg","width":1080,"height":1920}],"annotations":[{"attributes":[],"class":"keypoint_club","points":[312,642,1,0,0,0,0,0,0]},{"box":[266,472,330,918],"attributes":[],"class":"0"},{"box":[381,478,142,167],"attributes":[],"class":"1"},{"box":[458,1568,51,55],"attributes":[],"class":"5"},{"box":[268,1297,77,84],"attributes":[],"class":"3"},{"box":[519,1308,74,80],"attributes":[],"class":"3"},{"box":[294,610,51,38],"attributes":[],"class":"2"},{"box":[345,616,51,42],"attributes":[],"class":"2"},{"box":[818,554,74,104],"attributes":[],"class":"6"},{"attributes":[],"class":"0","points":[432,606,2,420,580,2,466,588,2]}]}