{"images":[{"filename":"[01]_[Front]_[Screen01]_[Ama01] 113.jpg","width":1080,"height":1920}],"annotations":[{"attributes":[],"class":"keypoint_club","points":[333,629,1,0,0,0,0,0,0]},{"box":[258,462,344,927],"attributes":[],"class":"0"},{"box":[386,460,148,176],"attributes":[],"class":"1"},{"box":[308,599,62,37],"attributes":[],"class":"2"},{"box":[362,615,45,34],"attributes":[],"class":"2"},{"box":[256,1285,96,95],"attributes":[],"class":"3"},{"box":[515,1289,86,98],"attributes":[],"class":"3"},{"box":[459,1568,49,48],"attributes":[],"class":"5"},{"box":[866,643,52,61],"attributes":[],"class":"6"},{"attributes":[],"class":"0","points":[431,601,2,420,580,2,466,588,2]}]}