{"images":[{"filename":"[01]_[Front]_[Screen01]_[Ama01] 073.jpg","width":1080,"height":1920}],"annotations":[{"attributes":[],"class":"keypoint_club","points":[236,799,2,186,527,2,133,539,2]},{"box":[208,478,382,910],"attributes":[],"class":"0"},{"box":[395,478,139,180],"attributes":[],"class":"1"},{"box":[123,511,71,40],"attributes":[],"class":"6"},{"box":[459,1567,47,52],"attributes":[],"class":"5"},{"box":[208,750,39,57],"attributes":[],"class":"2"},{"box":[211,734,55,47],"attributes":[],"class":"2"},{"box":[267,1309,87,72],"attributes":[],"class":"3"},{"box":[519,1324,72,64],"attributes":[],"class":"3"},{"attributes":[],"class":"0","points":[452,614,2,434,589,2,485,595,2]}]}