{"images":[{"filename":"[01]_[Front]_[Screen01]_[Ama01] 097.jpg","width":1080,"height":1920}],"annotations":[{"attributes":[],"class":"keypoint_club","points":[301,649,1,0,0,0,0,0,0]},{"box":[266,472,352,911],"attributes":[],"class":"0"},{"box":[385,473,124,167],"attributes":[],"class":"1"},{"box":[270,1297,73,80],"attributes":[],"class":"3"},{"box":[516,1311,79,70],"attributes":[],"class":"3"},{"box":[281,615,48,38],"attributes":[],"class":"2"},{"box":[770,506,58,59],"attributes":[],"class":"6"},{"box":[335,614,41,39],"attributes":[],"class":"2"},{"box":[460,1568,47,49],"attributes":[],"class":"5"},{"attributes":[],"class":"0","points":[433,602,2,416,579,2,460,577,2]}]}