{"images":[{"filename":"[01]_[Front]_[Screen01]_[Ama01] 121.jpg","width":1080,"height":1920}],"annotations":[{"attributes":[],"class":"keypoint_club","points":[351,620,1,0,0,0,0,0,0]},{"box":[263,465,332,923],"attributes":[],"class":"0"},{"box":[384,465,149,179],"attributes":[],"class":"1"},{"box":[265,1301,72,77],"attributes":[],"class":"3"},{"box":[525,1319,65,68],"attributes":[],"class":"3"},{"box":[872,637,50,61],"attributes":[],"class":"6"},{"box":[460,1566,47,50],"attributes":[],"class":"5"},{"box":[314,604,56,45],"attributes":[],"class":"2"},{"box":[369,607,40,43],"attributes":[],"class":"2"},{"attributes":[],"class":"0","points":[431,601,2,420,580,2,466,588,2]}]}