{"images":[{"filename":"[01]_[Front]_[Screen01]_[Ama01] 013.jpg","width":1080,"height":1920}],"annotations":[{"attributes":[],"class":"keypoint_club","points":[474,933,1,381,1642,2,416,1597,2]},{"box":[266,470,333,918],"attributes":[],"class":"0"},{"box":[311,1588,121,103],"attributes":[],"class":"6"},{"box":[460,1567,45,43],"attributes":[],"class":"5"},{"box":[268,1313,74,70],"attributes":[],"class":"3"},{"box":[524,1318,68,68],"attributes":[],"class":"3"},{"box":[438,950,36,60],"attributes":[],"class":"2"},{"box":[460,926,50,57],"attributes":[],"class":"2"},{"box":[416,470,133,181],"attributes":[],"class":"1"},{"attributes":[],"class":"0","points":[480,605,2,464,577,2,512,578,2]}]}