{"images":[{"filename":"[01]_[Front]_[Screen01]_[Ama01] 153.jpg","width":1080,"height":1920}],"annotations":[{"attributes":[],"class":"keypoint_club","points":[0,0,0,0,0,0,0,0,0]},{"box":[260,456,358,941],"attributes":[],"class":"0"},{"box":[282,827,61,56],"attributes":[],"class":"2"},{"box":[340,829,84,61],"attributes":[],"class":"2"},{"box":[266,1305,93,77],"attributes":[],"class":"3"},{"box":[520,1314,73,76],"attributes":[],"class":"3"},{"box":[457,1569,52,44],"attributes":[],"class":"5"},{"box":[410,461,139,179],"attributes":[],"class":"1"},{"box":[14,839,34,26],"attributes":[],"class":"6"},{"attributes":[],"class":"0","points":[468,605,2,496,580,2,449,576,2]}]}