{"images":[{"filename":"[01]_[Front]_[Screen01]_[Ama01] 093.jpg","width":1080,"height":1920}],"annotations":[{"attributes":[],"class":"keypoint_club","points":[283,661,1,0,0,0,0,0,0]},{"box":[460,1569,46,48],"attributes":[],"class":"5"},{"box":[708,480,52,43],"attributes":[],"class":"6"},{"box":[260,470,337,916],"attributes":[],"class":"0"},{"box":[265,632,51,38],"attributes":[],"class":"2"},{"box":[310,627,45,38],"attributes":[],"class":"2"},{"box":[264,1300,86,77],"attributes":[],"class":"3"},{"box":[519,1315,72,69],"attributes":[],"class":"3"},{"box":[385,473,133,168],"attributes":[],"class":"1"},{"attributes":[],"class":"0","points":[436,609,2,469,585,2,424,584,2]}]}