{"images":[{"filename":"[01]_[Front]_[Screen01]_[Ama01] 053.jpg","width":1080,"height":1920}],"annotations":[{"attributes":[],"class":"keypoint_club","points":[342,915,2,0,0,0,0,0,0]},{"box":[224,478,371,906],"attributes":[],"class":"0"},{"box":[406,476,141,186],"attributes":[],"class":"1"},{"box":[457,1567,50,54],"attributes":[],"class":"5"},{"box":[261,879,85,76],"attributes":[],"class":"2"},{"box":[227,877,74,65],"attributes":[],"class":"2"},{"box":[265,1305,88,80],"attributes":[],"class":"3"},{"box":[517,1317,77,69],"attributes":[],"class":"3"},{"attributes":[],"class":"0","points":[474,613,2,464,577,2,506,582,2]}]}