{"images":[{"filename":"[01]_[Front]_[Screen01]_[Ama01] 017.jpg","width":1080,"height":1920}],"annotations":[{"attributes":[],"class":"keypoint_club","points":[460,940,1,347,1639,2,385,1597,2]},{"box":[266,467,327,931],"attributes":[],"class":"0"},{"box":[411,470,145,173],"attributes":[],"class":"1"},{"box":[459,924,46,54],"attributes":[],"class":"2"},{"box":[432,943,46,76],"attributes":[],"class":"2"},{"box":[267,1303,79,80],"attributes":[],"class":"3"},{"box":[519,1313,73,77],"attributes":[],"class":"3"},{"box":[281,1586,119,106],"attributes":[],"class":"6"},{"box":[459,1567,48,50],"attributes":[],"class":"5"},{"attributes":[],"class":"0","points":[480,605,2,464,577,2,512,578,2]}]}