{"images":[{"filename":"[01]_[Front]_[Screen01]_[Ama01] 145.jpg","width":1080,"height":1920}],"annotations":[{"attributes":[],"class":"keypoint_club","points":[237,786,2,383,452,2,320,462,2]},{"box":[220,464,380,928],"attributes":[],"class":"0"},{"box":[460,1568,46,50],"attributes":[],"class":"5"},{"box":[516,1298,82,95],"attributes":[],"class":"3"},{"box":[262,1297,88,84],"attributes":[],"class":"3"},{"box":[224,710,53,35],"attributes":[],"class":"2"},{"box":[221,734,44,54],"attributes":[],"class":"2"},{"box":[405,462,135,188],"attributes":[],"class":"1"},{"box":[309,431,83,50],"attributes":[],"class":"6"},{"attributes":[],"class":"0","points":[465,603,2,490,583,2,443,581,2]}]}