{"images":[{"filename":"[01]_[Front]_[Screen01]_[Ama01] 225.jpg","width":1080,"height":1920}],"annotations":[{"attributes":[],"class":"keypoint_club","points":[405,650,1,67,384,2,75,433,2]},{"box":[228,440,403,945],"attributes":[],"class":"0"},{"box":[422,441,135,135],"attributes":[],"class":"1"},{"box":[0,378,89,92],"attributes":[],"class":"6"},{"box":[369,624,19,22],"attributes":[],"class":"2"},{"box":[227,1262,103,123],"attributes":[],"class":"3"},{"box":[517,1310,114,65],"attributes":[],"class":"3"}]}