{"images":[{"filename":"[01]_[Front]_[Screen01]_[Ama01] 045.jpg","width":1080,"height":1920}],"annotations":[{"attributes":[],"class":"keypoint_club","points":[0,0,0,0,0,0,0,0,0]},{"box":[268,473,324,914],"attributes":[],"class":"0"},{"box":[409,474,141,185],"attributes":[],"class":"1"},{"box":[292,913,57,69],"attributes":[],"class":"2"},{"box":[320,906,81,65],"attributes":[],"class":"2"},{"box":[268,1309,82,72],"attributes":[],"class":"3"},{"box":[520,1320,71,67],"attributes":[],"class":"3"},{"box":[459,1567,46,55],"attributes":[],"class":"5"},{"attributes":[],"class":"0","points":[476,611,2,458,588,2,502,590,2]}]}