{"images":[{"filename":"[01]_[Front]_[Screen01]_[Ama01] 049.jpg","width":1080,"height":1920}],"annotations":[{"attributes":[],"class":"keypoint_club","points":[344,912,2,0,0,0,0,0,0]},{"box":[267,469,332,916],"attributes":[],"class":"0"},{"box":[405,470,144,186],"attributes":[],"class":"1"},{"box":[263,894,47,64],"attributes":[],"class":"2"},{"box":[302,894,63,67],"attributes":[],"class":"2"},{"box":[264,1311,78,73],"attributes":[],"class":"3"},{"box":[522,1313,70,69],"attributes":[],"class":"3"},{"box":[460,1568,46,50],"attributes":[],"class":"5"},{"attributes":[],"class":"0","points":[480,605,2,464,577,2,506,582,2]}]}