{"images":[{"filename":"[01]_[Front]_[Screen01]_[Ama01] 125.jpg","width":1080,"height":1920}],"annotations":[{"attributes":[],"class":"keypoint_club","points":[338,631,1,0,0,0,0,0,0]},{"box":[263,467,332,924],"attributes":[],"class":"0"},{"box":[388,467,148,179],"attributes":[],"class":"1"},{"box":[302,610,48,50],"attributes":[],"class":"2"},{"box":[352,605,41,56],"attributes":[],"class":"2"},{"box":[263,1288,91,96],"attributes":[],"class":"3"},{"box":[518,1306,77,85],"attributes":[],"class":"3"},{"box":[458,1568,50,54],"attributes":[],"class":"5"},{"box":[864,609,50,61],"attributes":[],"class":"6"},{"attributes":[],"class":"0","points":[439,597,2,425,576,2,473,585,2]}]}