{"images":[{"filename":"[01]_[Front]_[Screen01]_[Ama01] 085.jpg","width":1080,"height":1920}],"annotations":[{"attributes":[],"class":"keypoint_club","points":[0,0,0,552,475,2,509,478,2]},{"box":[229,467,368,919],"attributes":[],"class":"0"},{"box":[235,669,50,51],"attributes":[],"class":"2"},{"box":[264,658,47,48],"attributes":[],"class":"2"},{"box":[510,452,51,42],"attributes":[],"class":"6"},{"box":[266,1301,84,73],"attributes":[],"class":"3"},{"box":[521,1307,69,77],"attributes":[],"class":"3"},{"box":[460,1569,46,48],"attributes":[],"class":"5"},{"box":[386,468,140,184],"attributes":[],"class":"1"},{"attributes":[],"class":"0","points":[442,610,2,421,586,2,468,595,2]}]}