{"images":[{"filename":"[01]_[Front]_[Screen01]_[Ama01] 129.jpg","width":1080,"height":1920}],"annotations":[{"attributes":[],"class":"keypoint_club","points":[321,643,1,0,0,0,0,0,0]},{"box":[460,1569,46,48],"attributes":[],"class":"5"},{"box":[263,465,338,925],"attributes":[],"class":"0"},{"box":[842,560,56,61],"attributes":[],"class":"6"},{"box":[339,617,54,46],"attributes":[],"class":"2"},{"box":[291,617,58,43],"attributes":[],"class":"2"},{"box":[266,1307,85,70],"attributes":[],"class":"3"},{"box":[516,1314,75,76],"attributes":[],"class":"3"},{"box":[394,466,139,178],"attributes":[],"class":"1"},{"attributes":[],"class":"0","points":[440,597,2,425,576,2,473,585,2]}]}