{"images":[{"filename":"[01]_[Front]_[Screen01]_[Ama01] 169.jpg","width":1080,"height":1920}],"annotations":[{"attributes":[],"class":"keypoint_club","points":[636,770,1,0,0,0,0,0,0]},{"box":[260,436,447,948],"attributes":[],"class":"0"},{"box":[261,1304,77,79],"attributes":[],"class":"3"},{"box":[518,1307,74,75],"attributes":[],"class":"3"},{"box":[655,727,49,47],"attributes":[],"class":"2"},{"box":[622,721,47,45],"attributes":[],"class":"2"},{"box":[388,436,150,181],"attributes":[],"class":"1"},{"attributes":[],"class":"0","points":[481,583,2,503,565,2,455,561,2]}]}