{"images":[{"filename":"[13]_[Front]_[Screen01]_[Ama01] 045.jpg","width":1080,"height":1920}],"annotations":[{"attributes":[],"class":"keypoint_club","points":[358,922,1,0,0,0,0,0,0]},{"box":[459,1566,41,43],"attributes":[],"class":"5"},{"box":[298,1319,91,51],"attributes":[],"class":"3"},{"box":[550,1319,67,58],"attributes":[],"class":"3"},{"box":[273,889,52,36],"attributes":[],"class":"2"},{"box":[302,889,86,55],"attributes":[],"class":"2"},{"box":[439,497,141,175],"attributes":[],"class":"1"},{"box":[275,496,343,884],"attributes":[],"class":"0"},{"attributes":[],"class":"0","points":[509,623,2,492,602,2,532,602,2]}]}