{"images":[{"filename":"[13]_[Front]_[Screen01]_[Ama01] 013.jpg","width":1080,"height":1920}],"annotations":[{"attributes":[],"class":"keypoint_club","points":[494,962,1,350,1596,2,414,1599,2]},{"box":[461,1564,34,43],"attributes":[],"class":"5"},{"box":[339,1567,78,75],"attributes":[],"class":"6"},{"box":[299,492,321,887],"attributes":[],"class":"0"},{"box":[439,495,142,175],"attributes":[],"class":"1"},{"box":[477,919,52,60],"attributes":[],"class":"2"},{"box":[461,955,52,65],"attributes":[],"class":"2"},{"box":[301,1301,84,71],"attributes":[],"class":"3"},{"box":[550,1315,68,65],"attributes":[],"class":"3"},{"attributes":[],"class":"0","points":[509,623,2,493,600,2,532,602,2]}]}