{"images":[{"filename":"[13]_[Front]_[Screen01]_[Ama01] 001.jpg","width":1080,"height":1920}],"annotations":[{"attributes":[],"class":"keypoint_club","points":[494,962,1,409,1596,2,436,1580,2]},{"box":[455,1563,47,47],"attributes":[],"class":"5"},{"box":[366,1576,86,44],"attributes":[],"class":"6"},{"box":[465,962,43,62],"attributes":[],"class":"2"},{"box":[491,921,44,83],"attributes":[],"class":"2"},{"box":[443,497,128,169],"attributes":[],"class":"1"},{"box":[303,1311,73,56],"attributes":[],"class":"3"},{"box":[546,1319,72,61],"attributes":[],"class":"3"},{"box":[303,503,324,880],"attributes":[],"class":"0"},{"attributes":[],"class":"0","points":[509,623,2,493,600,2,532,602,2]}]}