{"images":[{"filename":"[13]_[Front]_[Screen01]_[Ama01] 077.jpg","width":1080,"height":1920}],"annotations":[{"attributes":[],"class":"keypoint_club","points":[299,692,1,0,0,0,0,0,0]},{"box":[456,1565,45,43],"attributes":[],"class":"5"},{"box":[298,1307,79,61],"attributes":[],"class":"3"},{"box":[547,1320,75,58],"attributes":[],"class":"3"},{"box":[563,455,35,51],"attributes":[],"class":"6"},{"box":[429,493,134,167],"attributes":[],"class":"1"},{"box":[276,646,61,57],"attributes":[],"class":"2"},{"box":[329,653,25,28],"attributes":[],"class":"2"},{"box":[277,494,344,885],"attributes":[],"class":"0"},{"attributes":[],"class":"0","points":[479,621,2,471,604,2,503,606,2]}]}