{"images":[{"filename":"[13]_[Front]_[Screen01]_[Ama01] 069.jpg","width":1080,"height":1920}],"annotations":[{"attributes":[],"class":"keypoint_club","points":[0,0,0,0,0,0,0,0,0]},{"box":[457,1566,42,49],"attributes":[],"class":"5"},{"box":[252,489,368,889],"attributes":[],"class":"0"},{"box":[274,500,46,27],"attributes":[],"class":"6"},{"box":[262,696,44,29],"attributes":[],"class":"2"},{"box":[253,714,46,52],"attributes":[],"class":"2"},{"box":[299,1317,96,48],"attributes":[],"class":"3"},{"box":[546,1314,72,65],"attributes":[],"class":"3"},{"box":[431,490,144,191],"attributes":[],"class":"1"},{"attributes":[],"class":"0","points":[490,625,2,475,603,2,511,607,2]}]}