{"images":[{"filename":"[13]_[Front]_[Screen01]_[Ama01] 073.jpg","width":1080,"height":1920}],"annotations":[{"attributes":[],"class":"keypoint_club","points":[0,0,0,0,0,0,0,0,0]},{"box":[453,1564,50,53],"attributes":[],"class":"5"},{"box":[259,491,360,891],"attributes":[],"class":"0"},{"box":[429,492,134,169],"attributes":[],"class":"1"},{"box":[264,671,45,62],"attributes":[],"class":"2"},{"box":[303,669,23,33],"attributes":[],"class":"2"},{"box":[299,1313,90,55],"attributes":[],"class":"3"},{"box":[541,1320,76,59],"attributes":[],"class":"3"},{"attributes":[],"class":"0","points":[485,621,2,471,604,2,506,607,2]}]}