{"images":[{"filename":"[13]_[Front]_[Screen01]_[Ama01] 033.jpg","width":1080,"height":1920}],"annotations":[{"attributes":[],"class":"keypoint_club","points":[405,967,1,0,0,0,0,0,0]},{"box":[300,490,327,891],"attributes":[],"class":"0"},{"box":[459,1564,42,50],"attributes":[],"class":"5"},{"box":[441,493,135,180],"attributes":[],"class":"1"},{"box":[370,930,45,68],"attributes":[],"class":"2"},{"box":[406,907,66,81],"attributes":[],"class":"2"},{"attributes":[],"class":"0","points":[509,623,2,493,600,2,532,602,2]}]}