{"images":[{"filename":"[13]_[Front]_[Screen01]_[Ama01] 017.jpg","width":1080,"height":1920}],"annotations":[{"attributes":[],"class":"keypoint_club","points":[494,962,1,324,1589,2,352,1575,2]},{"box":[303,493,322,886],"attributes":[],"class":"0"},{"box":[457,1566,42,49],"attributes":[],"class":"5"},{"box":[287,1572,73,44],"attributes":[],"class":"6"},{"box":[477,916,50,71],"attributes":[],"class":"2"},{"box":[453,954,50,55],"attributes":[],"class":"2"},{"box":[301,1307,90,63],"attributes":[],"class":"3"},{"box":[545,1313,73,65],"attributes":[],"class":"3"},{"box":[443,494,140,179],"attributes":[],"class":"1"},{"attributes":[],"class":"0","points":[509,623,2,493,600,2,532,602,2]}]}