{"images":[{"filename":"[13]_[Front]_[Screen01]_[Ama01] 009.jpg","width":1080,"height":1920}],"annotations":[{"attributes":[],"class":"keypoint_club","points":[494,962,1,406,1592,2,428,1578,2]},{"box":[300,494,322,882],"attributes":[],"class":"0"},{"box":[444,493,133,178],"attributes":[],"class":"1"},{"box":[462,956,53,67],"attributes":[],"class":"2"},{"box":[483,921,47,67],"attributes":[],"class":"2"},{"box":[300,1316,89,52],"attributes":[],"class":"3"},{"box":[548,1318,69,58],"attributes":[],"class":"3"},{"box":[365,1580,78,45],"attributes":[],"class":"6"},{"box":[456,1566,43,43],"attributes":[],"class":"5"},{"attributes":[],"class":"0","points":[509,623,2,493,600,2,532,602,2]}]}