{"images":[{"filename":"[13]_[Front]_[Screen01]_[Ama01] 053.jpg","width":1080,"height":1920}],"annotations":[{"attributes":[],"class":"keypoint_club","points":[326,889,1,0,0,0,0,0,0]},{"box":[457,1566,42,49],"attributes":[],"class":"5"},{"box":[227,492,395,885],"attributes":[],"class":"0"},{"box":[231,835,56,37],"attributes":[],"class":"2"},{"box":[265,840,64,53],"attributes":[],"class":"2"},{"box":[302,1310,85,56],"attributes":[],"class":"3"},{"box":[545,1312,72,65],"attributes":[],"class":"3"},{"box":[436,493,152,190],"attributes":[],"class":"1"},{"attributes":[],"class":"0","points":[506,625,2,490,603,2,527,607,2]}]}