{"images":[{"filename":"[13]_[Front]_[Screen01]_[Ama01] 065.jpg","width":1080,"height":1920}],"annotations":[{"attributes":[],"class":"keypoint_club","points":[0,0,0,0,0,0,0,0,0]},{"box":[236,497,381,883],"attributes":[],"class":"0"},{"box":[431,499,147,171],"attributes":[],"class":"1"},{"box":[123,497,49,42],"attributes":[],"class":"6"},{"box":[245,753,54,47],"attributes":[],"class":"2"},{"box":[238,730,56,31],"attributes":[],"class":"2"},{"box":[302,1314,93,49],"attributes":[],"class":"3"},{"box":[546,1322,70,55],"attributes":[],"class":"3"},{"box":[458,1560,41,52],"attributes":[],"class":"5"},{"attributes":[],"class":"0","points":[495,626,2,481,606,2,515,607,2]}]}