{"images":[{"filename":"[13]_[Front]_[Screen01]_[Ama01] 057.jpg","width":1080,"height":1920}],"annotations":[{"attributes":[],"class":"keypoint_club","points":[299,838,1,0,0,0,0,0,0]},{"box":[300,496,323,890],"attributes":[],"class":"0"},{"box":[444,498,126,170],"attributes":[],"class":"1"},{"box":[248,812,71,53],"attributes":[],"class":"2"},{"box":[224,795,59,45],"attributes":[],"class":"2"},{"box":[300,1315,89,54],"attributes":[],"class":"3"},{"box":[550,1323,70,56],"attributes":[],"class":"3"},{"box":[456,1564,44,44],"attributes":[],"class":"5"},{"attributes":[],"class":"0","points":[506,625,2,490,603,2,527,607,2]}]}