{"images":[{"filename":"[13]_[Front]_[Screen01]_[Ama01] 041.jpg","width":1080,"height":1920}],"annotations":[{"attributes":[],"class":"keypoint_club","points":[374,935,1,0,0,0,0,0,0]},{"box":[309,498,323,878],"attributes":[],"class":"0"},{"box":[443,505,118,165],"attributes":[],"class":"1"},{"box":[352,896,57,64],"attributes":[],"class":"2"},{"box":[316,911,37,54],"attributes":[],"class":"2"},{"box":[304,1315,85,59],"attributes":[],"class":"3"},{"box":[539,1319,73,59],"attributes":[],"class":"3"},{"box":[458,1565,42,45],"attributes":[],"class":"5"},{"attributes":[],"class":"0","points":[509,623,2,492,602,2,532,602,2]}]}