{"images":[{"filename":"[13]_[Front]_[Screen01]_[Ama01] 029.jpg","width":1080,"height":1920}],"annotations":[{"attributes":[],"class":"keypoint_club","points":[0,0,0,0,0,0,0,0,0]},{"box":[300,494,321,887],"attributes":[],"class":"0"},{"box":[441,500,142,176],"attributes":[],"class":"1"},{"box":[0,1495,55,73],"attributes":[],"class":"6"},{"box":[457,1565,44,47],"attributes":[],"class":"5"},{"box":[302,1306,85,68],"attributes":[],"class":"3"},{"box":[548,1318,72,60],"attributes":[],"class":"3"},{"box":[402,944,50,58],"attributes":[],"class":"2"},{"box":[436,913,58,86],"attributes":[],"class":"2"},{"attributes":[],"class":"0","points":[509,623,2,493,600,2,532,602,2]}]}