{"images":[{"filename":"[13]_[Front]_[Screen01]_[Ama01] 021.jpg","width":1080,"height":1920}],"annotations":[{"attributes":[],"class":"keypoint_club","points":[489,959,1,233,1579,2,267,1569,2]},{"box":[295,492,334,885],"attributes":[],"class":"0"},{"box":[439,497,149,170],"attributes":[],"class":"1"},{"box":[441,952,42,60],"attributes":[],"class":"2"},{"box":[468,920,51,67],"attributes":[],"class":"2"},{"box":[198,1564,74,61],"attributes":[],"class":"6"},{"box":[459,1564,40,42],"attributes":[],"class":"5"},{"box":[304,1318,90,50],"attributes":[],"class":"3"},{"box":[547,1322,70,54],"attributes":[],"class":"3"},{"attributes":[],"class":"0","points":[509,623,2,493,600,2,532,602,2]}]}