{"images":[{"filename":"[13]_[Front]_[Screen01]_[Ama01] 025.jpg","width":1080,"height":1920}],"annotations":[{"attributes":[],"class":"keypoint_club","points":[480,953,1,126,1556,2,167,1543,2]},{"box":[299,491,326,892],"attributes":[],"class":"0"},{"box":[442,495,133,173],"attributes":[],"class":"1"},{"box":[458,919,46,71],"attributes":[],"class":"2"},{"box":[423,954,42,59],"attributes":[],"class":"2"},{"box":[86,1529,94,74],"attributes":[],"class":"6"},{"box":[452,1565,53,51],"attributes":[],"class":"5"},{"box":[303,1316,78,54],"attributes":[],"class":"3"},{"box":[548,1324,69,57],"attributes":[],"class":"3"},{"attributes":[],"class":"0","points":[509,623,2,493,600,2,532,602,2]}]}