{"images":[{"filename":"[13]_[Front]_[Screen01]_[Ama01] 005.jpg","width":1080,"height":1920}],"annotations":[{"attributes":[],"class":"keypoint_club","points":[494,962,1,416,1596,2,436,1576,2]},{"box":[302,493,321,883],"attributes":[],"class":"0"},{"box":[457,1566,42,49],"attributes":[],"class":"5"},{"box":[376,1574,76,46],"attributes":[],"class":"6"},{"box":[302,1317,84,59],"attributes":[],"class":"3"},{"box":[545,1312,77,63],"attributes":[],"class":"3"},{"box":[463,956,36,62],"attributes":[],"class":"2"},{"box":[485,918,46,81],"attributes":[],"class":"2"},{"box":[442,495,142,174],"attributes":[],"class":"1"},{"attributes":[],"class":"0","points":[509,623,2,493,600,2,532,602,2]}]}