{"images":[{"filename":"[13]_[Front]_[Screen01]_[Ama01] 061.jpg","width":1080,"height":1920}],"annotations":[{"attributes":[],"class":"keypoint_club","points":[0,0,0,0,0,0,0,0,0]},{"box":[219,498,400,886],"attributes":[],"class":"0"},{"box":[438,499,132,178],"attributes":[],"class":"1"},{"box":[0,550,28,43],"attributes":[],"class":"6"},{"box":[306,1304,83,61],"attributes":[],"class":"3"},{"box":[547,1313,69,68],"attributes":[],"class":"3"},{"box":[455,1564,48,48],"attributes":[],"class":"5"},{"box":[225,765,67,28],"attributes":[],"class":"2"},{"box":[238,782,64,44],"attributes":[],"class":"2"},{"attributes":[],"class":"0","points":[499,630,2,486,608,2,519,609,2]}]}