{"images":[{"filename":"[13]_[Front]_[Screen01]_[Ama01] 037.jpg","width":1080,"height":1920}],"annotations":[{"attributes":[],"class":"keypoint_club","points":[387,947,1,0,0,0,0,0,0]},{"box":[295,492,332,896],"attributes":[],"class":"0"},{"box":[438,497,144,180],"attributes":[],"class":"1"},{"box":[452,1562,52,57],"attributes":[],"class":"5"},{"box":[36,1115,55,59],"attributes":[],"class":"6"},{"box":[341,923,52,75],"attributes":[],"class":"2"},{"box":[369,899,78,88],"attributes":[],"class":"2"},{"box":[299,1303,92,72],"attributes":[],"class":"3"},{"box":[547,1316,76,66],"attributes":[],"class":"3"},{"attributes":[],"class":"0","points":[509,623,2,493,600,2,532,602,2]}]}