{"images":[{"filename":"[13]_[Front]_[Screen01]_[Ama01] 049.jpg","width":1080,"height":1920}],"annotations":[{"attributes":[],"class":"keypoint_club","points":[318,898,1,0,0,0,0,0,0]},{"box":[258,497,364,884],"attributes":[],"class":"0"},{"box":[438,497,139,173],"attributes":[],"class":"1"},{"box":[258,864,43,54],"attributes":[],"class":"2"},{"box":[289,870,79,58],"attributes":[],"class":"2"},{"box":[456,1564,44,51],"attributes":[],"class":"5"},{"box":[301,1309,87,61],"attributes":[],"class":"3"},{"box":[549,1315,72,66],"attributes":[],"class":"3"},{"attributes":[],"class":"0","points":[509,623,2,492,602,2,532,602,2]}]}